name,position,team,G,AB,R,H,2B,3B,HR,RBI,BB,SO,SB,CS,AVG,OBP,SLG,OPS
Branden Pinder,P,NYY,2,1,0,1,1,0,0,1,0,0,0,0,1.000,1.000,2.000,3.000
Chin-hui Tsao,P,LAD,5,1,1,1,1,0,0,0,0,0,0,0,1.000,1.000,2.000,3.000
Daniel Norris,P,DET,1,2,1,1,0,0,1,2,1,1,0,0,.500,.667,2.000,2.667
Jett Bandy,C,LAA,2,2,1,1,0,0,1,1,0,0,0,0,.500,.500,2.000,2.500
Carlos Carrasco,P,CLE,1,1,0,1,0,0,0,0,0,0,0,0,1.000,1.000,1.000,2.000
Mike Dunn,P,MIA,67,1,0,1,0,0,0,0,0,0,0,0,1.000,1.000,1.000,2.000
Keith Hessler,P,ARI,18,1,0,1,0,0,0,0,0,0,0,0,1.000,1.000,1.000,2.000
Donn Roach,P,CHC,1,1,0,1,0,0,0,1,0,0,0,0,1.000,1.000,1.000,2.000
Carlos Torres,P,NYM,56,1,1,1,0,0,0,0,0,0,0,0,1.000,1.000,1.000,2.000
Ryan Brett,2B,TB,3,3,0,2,1,0,0,0,1,0,0,0,.667,.750,1.000,1.750
Emmanuel Burriss,X,WSH,5,3,2,2,0,0,0,0,2,0,0,0,.667,.800,.667,1.467
Justin Masterson,P,BOS,1,3,0,2,0,0,0,1,0,1,0,0,.667,.667,.667,1.333
Mike Pelfrey,P,MIN,2,3,0,2,0,0,0,0,0,1,0,0,.667,.667,.667,1.333
Peter O'Brien,X,ARI,8,10,1,4,1,0,1,3,2,5,0,0,.400,.500,.800,1.300
Yovani Gallardo,P,TEX,2,4,0,2,1,0,0,0,0,1,0,0,.500,.500,.750,1.250
Nate Karns,P,TB,2,4,1,1,0,0,1,1,0,3,0,0,.250,.250,1.000,1.250
Jarrett Parker,RF,SF,21,49,11,17,2,0,6,14,5,21,1,1,.347,.407,.755,1.163
Slade Heathcott,RF,NYY,17,25,6,10,2,0,2,8,2,5,0,1,.400,.429,.720,1.149
Bryce Harper,RF,WSH,153,521,118,172,38,1,42,99,124,131,6,4,.330,.460,.649,1.109
Max Stassi,C,HOU,11,15,4,6,0,0,1,2,1,5,0,0,.400,.438,.600,1.038
Paul Goldschmidt,1B,ARI,159,567,103,182,38,2,33,110,118,151,21,5,.321,.435,.570,1.005
Joey Votto,1B,CIN,158,545,95,171,33,2,29,80,143,135,11,3,.314,.459,.541,1.000
Phillippe Aumont,P,PHI,1,0,0,0,0,0,0,0,1,0,0,0,.000,1.000,.000,1.000
Dallas Beeler,P,CHC,3,3,0,1,1,0,0,0,0,1,0,0,.333,.333,.667,1.000
Carter Capps,P,MIA,28,2,0,1,0,0,0,0,0,1,0,0,.500,.500,.500,1.000
Randy Choate,P,STL,66,0,0,0,0,0,0,0,1,0,0,0,.000,1.000,.000,1.000
Scott Feldman,P,HOU,1,2,0,1,0,0,0,0,0,1,0,0,.500,.500,.500,1.000
Daniel Fields,LF,DET,1,3,1,1,1,0,0,0,0,2,0,0,.333,.333,.667,1.000
Jason Garcia,P,BAL,3,0,0,0,0,0,0,0,1,0,0,0,.000,1.000,.000,1.000
Liam Hendriks,P,TOR,5,0,0,0,0,0,0,0,1,0,0,0,.000,1.000,.000,1.000
Aaron Laffey,P,COL,3,2,0,1,0,0,0,0,0,1,0,0,.500,.500,.500,1.000
Rico Noel,X,NYY,15,2,5,1,0,0,0,0,0,0,5,2,.500,.500,.500,1.000
Brett Oberholtzer,P,HOU,1,0,0,0,0,0,0,0,1,0,0,0,.000,1.000,.000,1.000
Wandy Rodriguez,P,TEX,1,2,1,1,0,0,0,0,0,0,0,0,.500,.500,.500,1.000
Jeff Samardzija,P,CWS,1,2,0,1,0,0,0,0,0,1,0,0,.500,.500,.500,1.000
Sammy Solis,P,WSH,18,2,0,1,0,0,0,0,0,0,0,0,.500,.500,.500,1.000
Travis Tartamella,C,STL,3,2,0,1,0,0,0,0,0,0,0,0,.500,.500,.500,1.000
Mike Wright Jr.,P,BAL,2,2,0,1,0,0,0,0,0,1,0,0,.500,.500,.500,1.000
Chris Young,P,KC,3,4,0,2,0,0,0,3,0,1,0,0,.500,.500,.500,1.000
Mike Trout,CF,LAA,159,575,104,172,32,6,41,90,92,158,11,7,.299,.402,.590,.991
Corey Seager,SS,LAD,27,98,17,33,8,1,4,17,14,19,2,0,.337,.425,.561,.986
Franklin Gutierrez,LF,SEA,59,171,27,50,11,0,15,35,14,54,0,0,.292,.354,.620,.974
Miguel Cabrera,1B,DET,119,429,64,145,28,1,18,76,77,82,1,1,.338,.440,.534,.974
Mikie Mahtook,LF,TB,41,105,22,31,5,1,9,19,6,31,4,3,.295,.351,.619,.970
Giancarlo Stanton,RF,MIA,74,279,47,74,12,1,27,67,34,95,4,2,.265,.346,.606,.952
Matt Duffy,X,HOU,8,8,0,3,1,0,0,3,1,2,0,0,.375,.444,.500,.944
Josh Donaldson,3B,TOR,158,620,122,184,41,2,41,123,73,133,6,0,.297,.371,.568,.939
Ryan Raburn,X,CLE,82,173,22,52,16,1,8,29,23,44,0,0,.301,.393,.543,.936
Nelson Cruz,RF,SEA,152,590,90,178,22,1,44,93,59,164,3,2,.302,.369,.566,.936
Edwin Encarnacion,DH,TOR,146,528,94,146,31,0,39,111,77,98,3,2,.277,.372,.557,.929
Ronald Torreyes,2B,LAD,8,6,1,2,1,0,0,1,1,1,0,0,.333,.429,.500,.929
Chris Davis,1B,BAL,160,573,100,150,31,0,47,117,84,208,2,3,.262,.361,.562,.923
J.P. Arencibia,C,TB,24,71,9,22,3,0,6,17,1,22,0,0,.310,.315,.606,.921
Miguel Sano,DH,MIN,80,279,46,75,17,1,18,52,53,119,1,1,.269,.385,.530,.916
David Ortiz,DH,BOS,146,528,73,144,37,0,37,108,77,95,0,1,.273,.360,.553,.913
Jose Bautista,RF,TOR,153,543,108,136,29,3,40,114,110,106,8,2,.250,.377,.536,.913
Mark Teixeira,1B,NYY,111,392,57,100,22,0,31,79,59,85,2,0,.255,.357,.548,.906
Cody Stanley,X,STL,9,10,2,4,1,0,0,3,0,3,0,0,.400,.400,.500,.900
Anthony Rizzo,1B,CHC,160,586,94,163,38,3,31,101,78,105,17,6,.278,.387,.512,.898
Nolan Arenado,3B,COL,157,616,97,177,43,4,42,130,34,110,2,5,.287,.323,.575,.898
Curt Casali,C,TB,38,101,13,24,6,0,10,18,8,34,0,0,.238,.304,.594,.898
Trayce Thompson,RF,CWS,44,122,17,36,8,3,5,16,13,26,1,0,.295,.363,.533,.896
Brett Wallace,X,SD,64,96,14,29,6,0,5,16,10,31,0,0,.302,.374,.521,.895
David Peralta,LF,ARI,149,462,61,144,26,10,17,78,44,107,9,4,.312,.371,.522,.893
Mason Williams,CF,NYY,8,21,3,6,3,0,1,3,1,3,0,0,.286,.318,.571,.890
Andrew McCutchen,CF,PIT,157,566,91,165,36,3,23,96,98,133,11,5,.292,.401,.488,.889
Chris Colabello,1B,TOR,101,333,55,107,19,1,15,54,22,96,2,0,.321,.367,.520,.886
J.D. Martinez,RF,DET,158,596,93,168,33,2,38,102,53,178,3,2,.282,.344,.535,.879
Randal Grichuk,LF,STL,103,323,49,89,23,7,17,47,22,110,4,2,.276,.329,.548,.877
Tom Murphy,C,COL,11,35,5,9,1,0,3,9,4,10,0,0,.257,.333,.543,.876
Tyler Matzek,P,COL,6,8,3,3,1,0,0,0,0,1,0,0,.375,.375,.500,.875
Kyle Blanks,1B,TEX,18,67,10,21,5,0,3,6,4,20,1,0,.313,.352,.522,.874
Phil Gosselin,2B,ARI,44,106,19,33,9,1,3,15,9,16,2,1,.311,.373,.500,.873
Greg Bird,1B,NYY,46,157,26,41,9,0,11,31,19,53,0,0,.261,.343,.529,.871
Matt Carpenter,3B,STL,154,574,101,156,44,3,28,84,81,151,4,3,.272,.365,.505,.871
Yoenis Cespedes,CF,NYM,159,633,101,184,42,6,35,105,33,141,7,5,.291,.328,.542,.870
Corey Dickerson,LF,COL,65,224,30,68,18,2,10,31,10,56,0,1,.304,.333,.536,.869
Ramon Cabrera,C,CIN,13,30,4,11,1,0,1,3,0,5,0,0,.367,.367,.500,.867
AJ Pollock,CF,ARI,157,609,111,192,39,6,20,76,53,89,39,7,.315,.367,.498,.865
Carlos Gonzalez,RF,COL,153,554,87,150,25,2,40,97,46,133,2,0,.271,.325,.540,.864
Danny Valencia,3B,OAK,105,345,59,100,23,1,18,66,29,80,2,2,.290,.345,.519,.864
Andres Blanco,X,PHI,106,233,32,68,22,3,7,25,21,44,1,1,.292,.360,.502,.863
Manny Machado,3B,BAL,162,633,102,181,30,1,35,86,70,111,20,8,.286,.359,.502,.861
Justin Turner,3B,LAD,126,385,55,113,26,1,16,60,36,71,5,2,.294,.370,.491,.861
Rob Refsnyder,2B,NYY,16,43,3,13,3,0,2,5,3,7,2,0,.302,.348,.512,.860
Michael Brantley,LF,CLE,137,529,68,164,45,0,15,84,60,51,15,1,.310,.379,.480,.859
Devon Travis,2B,TOR,62,217,38,66,18,0,8,35,18,43,3,1,.304,.361,.498,.859
Kris Bryant,3B,CHC,151,559,87,154,31,5,26,99,77,199,13,4,.275,.369,.488,.858
Carlos Correa,SS,HOU,99,387,52,108,22,1,22,68,40,78,14,4,.279,.345,.512,.856
Ryan Braun,RF,MIL,140,506,87,144,27,3,25,84,54,115,24,4,.285,.356,.498,.854
Stephen Piscotty,LF,STL,63,233,29,71,15,4,7,39,20,56,2,1,.305,.359,.494,.853
Andre Ethier,RF,LAD,142,395,54,116,20,7,14,53,43,75,2,3,.294,.366,.486,.852
Jose Abreu,1B,CWS,154,613,88,178,34,3,30,101,39,140,0,0,.290,.347,.502,.850
Buster Posey,C,SF,150,557,74,177,28,0,19,95,56,52,2,0,.318,.379,.470,.849
Kendrys Morales,DH,KC,158,569,81,165,41,2,22,106,58,103,0,0,.290,.362,.485,.847
Kyle Schwarber,LF,CHC,69,232,52,57,6,1,16,43,36,77,3,3,.246,.355,.487,.842
Alex Rodriguez,DH,NYY,151,523,83,131,22,1,33,86,84,145,4,0,.250,.356,.486,.842
Jamie Romak,X,ARI,12,15,2,5,2,0,0,1,1,6,0,0,.333,.375,.467,.842
Prince Fielder,DH,TEX,158,613,78,187,28,0,23,98,64,88,0,0,.305,.378,.463,.841
Freddie Freeman,1B,ATL,118,416,62,115,27,0,18,66,56,98,3,1,.276,.370,.471,.841
Michael Conforto,LF,NYM,56,174,30,47,14,0,9,26,17,39,0,1,.270,.335,.506,.841
Maikel Franco,3B,PHI,80,304,45,85,22,1,14,50,26,52,1,0,.280,.343,.497,.840
John Jaso,DH,TB,70,185,23,53,17,0,5,22,28,39,1,2,.286,.380,.459,.839
Lorenzo Cain,CF,KC,140,551,101,169,34,6,16,72,37,98,28,6,.307,.361,.477,.838
Lucas Duda,1B,NYM,135,471,67,115,33,0,27,73,66,138,0,2,.244,.352,.486,.838
Shin-Soo Choo,RF,TEX,149,555,94,153,32,3,22,82,76,147,4,2,.276,.375,.463,.838
Enrique Hernandez,2B,LAD,76,202,24,62,12,2,7,22,11,46,0,2,.307,.346,.490,.836
Francisco Lindor,SS,CLE,99,390,50,122,22,4,12,51,27,69,12,2,.313,.353,.482,.835
Brandon Belt,1B,SF,137,492,73,138,33,5,18,68,56,147,9,3,.280,.356,.478,.834
Henderson Alvarez,P,MIA,4,6,1,2,1,0,0,1,0,1,0,0,.333,.333,.500,.833
Alec Asher,P,PHI,6,6,0,2,1,0,0,0,0,3,0,0,.333,.333,.500,.833
Alfredo Marte,LF,LAA,5,6,0,2,0,0,0,0,1,1,0,0,.333,.500,.333,.833
Michael Reed,RF,MIL,7,6,2,2,1,0,0,0,0,3,0,0,.333,.333,.500,.833
Joe Panik,2B,SF,100,382,59,119,27,2,8,37,38,42,3,2,.312,.378,.455,.833
Jackie Bradley Jr.,RF,BOS,74,221,43,55,17,4,10,43,27,69,3,0,.249,.335,.498,.832
Adrian Gonzalez,1B,LAD,156,571,76,157,33,0,28,90,62,107,0,1,.275,.350,.480,.830
Bryan Anderson,C,OAK,4,5,0,2,0,0,0,1,1,1,0,0,.400,.429,.400,.829
Khris Davis,LF,MIL,121,392,54,97,16,2,27,66,44,122,6,2,.247,.323,.505,.828
Aaron Altherr,LF,PHI,39,137,25,33,11,4,5,22,16,41,6,2,.241,.338,.489,.827
George Springer,RF,HOU,102,388,59,107,19,2,16,41,50,109,16,4,.276,.367,.459,.826
Scott Schebler,X,LAD,19,36,6,9,0,0,3,4,3,13,2,1,.250,.325,.500,.825
Travis d'Arnaud,C,NYM,67,239,31,64,14,1,12,41,23,49,0,0,.268,.340,.485,.825
Tommy Pham,CF,STL,52,153,28,41,7,5,5,18,19,41,2,0,.268,.347,.477,.824
Jason Kipnis,2B,CLE,141,565,86,171,43,7,9,52,57,107,12,8,.303,.372,.451,.823
Eric Hosmer,1B,KC,158,599,98,178,33,5,18,93,61,108,7,3,.297,.363,.459,.822
Justin Morneau,1B,COL,49,168,19,52,10,3,3,15,13,25,0,0,.310,.363,.458,.821
Curtis Granderson,RF,NYM,157,580,98,150,33,2,26,70,91,151,11,6,.259,.364,.457,.820
Adam Lind,1B,MIL,149,502,72,139,32,0,20,87,66,100,0,0,.277,.360,.460,.820
Mookie Betts,CF,BOS,145,597,92,174,42,8,18,77,46,82,21,6,.291,.341,.479,.820
Chris Gimenez,C,TEX,36,98,19,25,6,1,5,14,10,19,2,0,.255,.330,.490,.820
Tony Sanchez,C,PIT,3,8,2,3,0,0,0,0,1,3,0,0,.375,.444,.375,.819
Mike Moustakas,3B,KC,147,549,73,156,34,1,22,82,43,76,1,2,.284,.348,.470,.818
Jung Ho Kang,3B,PIT,126,421,60,121,24,2,15,58,28,99,5,4,.287,.355,.461,.816
David Wright,3B,NYM,38,152,24,44,7,0,5,17,22,36,2,1,.289,.379,.434,.814
Travis Shaw,1B,BOS,65,226,31,61,10,0,13,36,18,57,0,1,.270,.327,.487,.813
Mitch Moreland,1B,TEX,132,471,51,131,27,0,23,85,32,112,1,0,.278,.330,.482,.812
Jose Altuve,2B,HOU,154,638,86,200,40,4,15,66,33,67,38,13,.313,.353,.459,.812
Alex Gordon,LF,KC,104,354,40,96,18,0,13,48,49,92,2,5,.271,.377,.432,.809
Ben Zobrist,2B,KC,126,467,76,129,36,3,13,56,62,56,3,4,.276,.359,.450,.809
Carlos Beltran,RF,NYY,133,478,57,132,34,1,19,67,45,85,0,0,.276,.337,.471,.808
Jason Rogers,X,MIL,86,152,22,45,6,2,4,16,15,34,0,0,.296,.367,.441,.808
Nick Hundley,C,COL,103,366,45,110,21,5,10,43,21,76,5,6,.301,.339,.467,.806
Todd Frazier,3B,CIN,157,619,82,158,43,1,35,89,44,137,13,8,.255,.309,.498,.806
Hunter Pence,RF,SF,52,207,30,57,13,1,9,40,16,48,4,1,.275,.327,.478,.806
Justin Ruggiano,LF,LAD,57,125,20,31,8,1,6,15,14,41,5,2,.248,.333,.472,.805
Darwin Barney,2B,TOR,17,27,4,7,1,0,2,4,1,2,0,0,.259,.286,.519,.804
Matt Holliday,LF,STL,73,229,24,64,16,1,4,35,39,49,2,1,.279,.394,.410,.804
Logan Forsythe,2B,TB,153,540,69,152,33,2,17,68,55,111,9,4,.281,.359,.444,.804
Derek Dietrich,LF,MIA,90,250,38,64,14,3,10,24,23,65,0,2,.256,.346,.456,.802
Justin Bour,1B,MIA,129,409,42,107,20,0,23,73,34,101,0,0,.262,.321,.479,.800
Matthew den Dekker,LF,WSH,55,99,12,25,6,1,5,12,9,20,0,1,.253,.315,.485,.800
Jason Heyward,RF,STL,154,547,79,160,33,4,13,60,56,90,23,3,.293,.359,.439,.797
Dustin Pedroia,2B,BOS,93,381,46,111,19,1,12,42,38,51,2,2,.291,.356,.441,.797
Charlie Blackmon,CF,COL,157,614,93,176,31,9,17,58,46,112,43,13,.287,.347,.450,.797
Denard Span,CF,WSH,61,246,38,74,17,0,5,22,25,26,11,0,.301,.365,.431,.796
Adam Eaton,CF,CWS,153,610,98,175,28,9,14,56,58,131,18,8,.287,.361,.431,.792
Adonis Garcia,3B,ATL,58,191,20,53,12,0,10,26,5,35,0,0,.277,.293,.497,.790
Adam Duvall,LF,CIN,27,64,6,14,2,0,5,9,6,26,0,0,.219,.306,.484,.790
Justin Upton,LF,SD,150,542,85,136,26,3,26,81,68,159,19,5,.251,.336,.454,.790
Yunel Escobar,3B,WSH,139,535,75,168,25,1,9,56,45,70,2,2,.314,.375,.415,.790
Colby Rasmus,LF,HOU,137,432,67,103,23,2,25,61,47,154,2,1,.238,.314,.475,.789
Jonathan Schoop,2B,BAL,86,305,34,85,17,0,15,39,9,79,2,0,.279,.306,.482,.788
Adrian Beltre,3B,TEX,143,567,83,163,32,4,18,83,41,65,1,0,.287,.334,.453,.788
Russell Martin,C,TOR,129,441,76,106,23,2,23,77,53,106,4,5,.240,.329,.458,.787
Ben Paulsen,1B,COL,116,325,42,90,19,4,11,49,23,92,1,2,.277,.326,.462,.787
Albert Pujols,1B,LAA,157,602,85,147,22,0,40,95,50,72,5,3,.244,.307,.480,.787
Pedro Alvarez,1B,PIT,150,437,60,106,18,0,27,77,48,131,2,0,.243,.318,.469,.787
Chris Coghlan,LF,CHC,148,440,64,110,25,6,16,41,58,94,11,2,.250,.341,.443,.784
Stephen Vogt,C,OAK,136,445,58,116,21,3,18,71,56,97,0,2,.261,.341,.443,.783
Chris Dominguez,X,CIN,14,23,2,6,1,1,1,3,0,12,0,0,.261,.261,.522,.783
Adam Jones,CF,BAL,137,546,74,147,25,3,27,82,24,102,3,1,.269,.308,.474,.782
Brandon Crawford,SS,SF,143,507,65,130,33,4,21,84,39,119,6,4,.256,.321,.462,.782
Clint Robinson,1B,WSH,126,309,44,84,15,1,10,34,37,52,0,0,.272,.358,.424,.782
Christian Yelich,LF,MIA,126,476,63,143,30,2,7,44,47,101,16,5,.300,.366,.416,.782
Josh Reddick,RF,OAK,149,526,67,143,25,4,20,77,49,65,10,2,.272,.333,.449,.781
Gregor Blanco,CF,SF,115,327,59,95,19,3,5,26,40,59,13,5,.291,.368,.413,.781
Rougned Odor,2B,TEX,120,426,54,111,21,9,16,61,23,79,6,7,.261,.316,.465,.781
Starling Marte,LF,PIT,153,579,84,166,30,2,19,81,27,123,30,10,.287,.337,.444,.780
Gerardo Parra,RF,BAL,155,547,83,159,36,5,14,51,28,92,14,4,.291,.328,.452,.780
Robinson Cano,2B,SEA,156,624,82,179,34,1,21,79,43,107,2,6,.287,.334,.446,.779
Kyle Seager,3B,SEA,161,623,85,166,37,0,26,74,54,98,6,6,.266,.328,.451,.779
Socrates Brito,X,ARI,18,33,5,10,3,1,0,1,1,7,1,0,.303,.324,.455,.778
Troy Tulowitzki,SS,TOR,128,486,77,136,27,0,17,70,38,114,1,0,.280,.337,.440,.777
Dee Strange-Gordon,2B,MIA,145,615,88,205,24,8,4,46,25,91,58,20,.333,.359,.418,.776
Xander Bogaerts,SS,BOS,156,613,84,196,35,3,7,81,32,101,10,2,.320,.355,.421,.776
Shawn O'Malley,CF,SEA,24,42,10,11,1,0,1,7,12,14,3,0,.262,.418,.357,.775
Seth Smith,LF,SEA,136,395,54,98,31,5,12,42,47,99,0,0,.248,.330,.443,.773
Ryan Zimmerman,1B,WSH,95,346,43,86,25,1,16,73,33,79,1,0,.249,.308,.465,.773
Chris Young,RF,NYY,140,318,53,80,20,1,14,42,30,73,3,1,.252,.320,.453,.773
Steve Tolleson,2B,TOR,19,41,9,11,5,1,0,3,4,9,2,0,.268,.333,.439,.772
Brandon Guyer,LF,TB,128,332,51,88,21,2,8,28,25,61,10,4,.265,.359,.413,.771
Francisco Cervelli,C,PIT,130,451,56,133,17,5,7,43,46,94,1,1,.295,.370,.401,.771
Daniel Murphy,2B,NYM,130,499,56,140,38,2,14,73,31,38,2,2,.281,.322,.449,.770
Ian Kinsler,2B,DET,154,624,94,185,35,7,11,73,43,80,10,6,.296,.342,.428,.770
A.J. Pierzynski,C,ATL,113,407,38,122,24,1,9,49,19,37,0,2,.300,.339,.430,.769
Zack Cozart,SS,CIN,53,194,28,50,10,1,9,28,14,29,3,3,.258,.310,.459,.769
Justin Smoak,1B,TOR,132,296,44,67,16,1,18,59,29,86,0,0,.226,.299,.470,.768
Domingo Santana,CF,MIL,52,160,20,38,7,0,8,26,20,63,4,1,.238,.337,.431,.768
Evan Longoria,3B,TB,160,604,74,163,35,1,21,73,51,132,3,1,.270,.328,.435,.764
Joc Pederson,CF,LAD,151,480,67,101,19,1,26,54,92,170,4,7,.210,.346,.417,.763
Wil Myers,CF,SD,60,225,40,57,13,1,8,29,27,55,5,2,.253,.336,.427,.763
Robinson Chirinos,C,TEX,78,233,33,54,16,1,10,34,28,62,0,0,.232,.325,.438,.762
Odubel Herrera,CF,PHI,147,495,64,147,30,3,8,41,28,129,16,8,.297,.344,.418,.762
Kelby Tomlinson,2B,SF,54,178,23,54,6,3,2,20,14,40,5,4,.303,.358,.404,.762
Matt Duffy,3B,SF,149,573,77,169,28,6,12,77,30,96,12,0,.295,.334,.428,.762
Sugar Ray Marimon,P,ATL,14,6,0,2,0,0,0,0,1,3,0,0,.333,.429,.333,.762
Eugenio Suarez,SS,CIN,97,372,42,104,19,2,13,48,17,94,4,1,.280,.315,.446,.761
Cole Gillespie,CF,MIA,67,145,17,42,10,2,2,16,10,27,4,1,.290,.333,.428,.761
Hank Conger,C,HOU,73,201,25,46,11,0,11,33,23,63,0,1,.229,.311,.448,.759
Mark Trumbo,RF,SEA,142,508,62,133,23,3,22,64,36,132,0,0,.262,.310,.449,.759
Marwin Gonzalez,1B,HOU,120,344,44,96,18,1,12,34,16,74,4,5,.279,.317,.442,.759
A.J. Ellis,C,LAD,63,181,24,43,9,0,7,21,32,38,0,0,.238,.355,.403,.758
Yasiel Puig,RF,LAD,79,282,30,72,12,3,11,38,26,66,3,3,.255,.322,.436,.758
Eduardo Nunez,SS,MIN,72,188,23,53,14,1,4,20,12,29,8,4,.282,.327,.431,.758
Dexter Fowler,CF,CHC,156,596,102,149,29,8,17,46,84,154,20,7,.250,.346,.411,.757
B.J. Upton,CF,SD,87,205,23,53,12,4,5,17,21,62,9,3,.259,.327,.429,.757
Brian McCann,C,NYY,135,465,68,108,15,1,26,94,52,97,0,0,.232,.320,.437,.756
Yasmani Grandal,C,LAD,115,355,43,83,12,0,16,47,65,92,0,1,.234,.353,.403,.756
Neil Walker,2B,PIT,151,543,69,146,32,3,16,71,44,110,4,1,.269,.328,.427,.756
Alejandro De Aza,LF,SF,114,325,51,85,17,7,7,35,31,84,7,5,.262,.333,.422,.755
Matt Kemp,RF,SD,154,596,80,158,31,3,23,100,39,147,12,2,.265,.312,.443,.755
Miguel Montero,C,CHC,113,347,36,86,11,0,15,53,49,103,1,1,.248,.345,.409,.754
Eduardo Escobar,SS,MIN,127,409,48,107,31,4,12,58,28,86,2,3,.262,.309,.445,.754
Ketel Marte,SS,SEA,57,219,25,62,14,3,2,17,24,43,8,4,.283,.351,.402,.753
Jonathan Villar,SS,HOU,53,116,18,33,7,1,2,11,10,29,7,2,.284,.339,.414,.752
Carlos Santana,1B,CLE,154,550,72,127,29,2,19,85,108,122,11,3,.231,.357,.395,.752
Brian Dozier,2B,MIN,157,628,101,148,39,4,28,77,61,148,12,4,.236,.307,.444,.751
Roberto Perez,C,CLE,70,184,30,42,9,1,7,21,33,64,0,0,.228,.348,.402,.751
Michael Blazek,P,MIL,42,4,0,1,1,0,0,1,0,2,0,0,.250,.250,.500,.750
Cole Figueroa,3B,NYY,2,8,2,2,2,0,0,0,0,0,0,0,.250,.250,.500,.750
Pedro Severino,C,WSH,2,4,1,1,1,0,0,0,0,1,0,0,.250,.250,.500,.750
Kelly Johnson,2B,NYM,111,310,38,82,11,0,14,47,23,81,2,1,.265,.314,.435,.750
Welington Castillo,C,ARI,110,342,42,81,15,1,19,57,25,92,0,0,.237,.296,.453,.750
Josh Phegley,C,OAK,73,225,27,56,16,1,9,34,14,51,0,0,.249,.300,.449,.749
Luis Valbuena,3B,HOU,132,434,62,97,18,0,25,56,50,106,1,0,.224,.310,.438,.748
Eddie Rosario,LF,MIN,122,453,60,121,18,15,13,50,15,118,11,6,.267,.289,.459,.748
Evan Gattis,DH,HOU,153,566,66,139,20,11,27,88,30,119,0,1,.246,.285,.463,.748
Yangervis Solarte,3B,SD,152,526,63,142,33,4,14,63,34,56,1,0,.270,.320,.428,.748
Ender Inciarte,RF,ARI,132,524,73,159,27,5,6,45,26,58,21,10,.303,.338,.408,.746
DJ LeMahieu,2B,COL,150,564,85,170,21,5,6,61,50,107,23,3,.301,.358,.388,.746
Rajai Davis,CF,DET,112,341,55,88,16,11,8,30,22,76,18,8,.258,.306,.440,.746
Nick Markakis,RF,ATL,156,612,73,181,38,1,3,53,70,83,2,1,.296,.370,.376,.746
Howie Kendrick,2B,LAD,117,464,64,137,22,2,9,54,27,82,6,2,.295,.336,.409,.746
Bryan Holaday,C,DET,24,64,3,18,5,0,2,13,1,13,0,0,.281,.292,.453,.745
Jhonny Peralta,SS,STL,155,579,64,159,26,1,17,71,50,111,1,4,.275,.334,.411,.745
Josh Wilson,2B,DET,21,38,4,12,3,0,0,5,0,15,0,0,.316,.350,.395,.745
Jarrod Saltalamacchia,C,ARI,79,200,26,45,15,0,9,24,23,69,0,0,.225,.310,.435,.745
Asdrubal Cabrera,SS,TB,143,505,66,134,28,5,15,58,36,107,6,3,.265,.315,.430,.744
David Freese,3B,LAA,121,424,53,109,27,0,14,56,31,107,1,1,.257,.323,.420,.743
Marlon Byrd,RF,SF,135,506,58,125,25,5,23,73,29,145,2,1,.247,.290,.453,.743
Madison Bumgarner,P,SF,34,77,9,19,2,0,5,9,3,27,0,0,.247,.275,.468,.742
Joey Butler,DH,TB,88,257,30,71,12,0,8,30,16,82,5,2,.276,.326,.416,.742
Yonder Alonso,1B,SD,103,354,50,100,18,1,5,31,42,48,2,5,.282,.361,.381,.742
Trevor Plouffe,3B,MIN,152,573,74,140,35,4,22,86,50,124,2,1,.244,.307,.435,.742
Brett Gardner,LF,NYY,151,571,94,148,26,3,16,66,68,135,20,5,.259,.343,.399,.742
Mark Canha,1B,OAK,124,441,61,112,22,3,16,70,33,96,7,2,.254,.315,.426,.742
Matt Wieters,C,BAL,75,258,24,69,14,1,8,25,21,67,0,0,.267,.319,.422,.742
Steve Clevenger,DH,BAL,30,101,11,29,4,2,2,15,4,13,0,0,.287,.314,.426,.740
C.J. Cron,1B,LAA,113,378,37,99,17,1,16,51,17,82,3,1,.262,.300,.439,.739
David Murphy,LF,LAA,132,361,38,102,18,1,10,50,20,49,0,2,.283,.318,.421,.739
Nolan Reimold,LF,BAL,61,170,24,42,5,1,6,20,23,47,0,0,.247,.344,.394,.738
Juan Uribe,3B,NYM,119,360,40,91,17,0,14,43,34,80,2,0,.253,.320,.417,.737
Mike Napoli,1B,TEX,133,407,46,91,20,1,18,50,57,118,3,3,.224,.324,.410,.734
Chris Carter,1B,HOU,129,391,50,78,17,0,24,64,57,151,1,2,.199,.307,.427,.734
John Ryan Murphy,C,NYY,67,155,21,43,9,1,3,14,12,43,0,0,.277,.327,.406,.734
Preston Tucker,LF,HOU,98,300,35,73,19,0,13,33,20,68,0,2,.243,.297,.437,.734
Doug Bernier,2B,MIN,4,5,1,1,1,0,0,2,1,3,0,0,.200,.333,.400,.733
Matt Hague,X,TOR,10,12,1,3,1,0,0,0,2,4,0,0,.250,.400,.333,.733
Norichika Aoki,LF,SF,93,355,42,102,12,3,5,26,30,25,14,5,.287,.353,.380,.733
Javier Baez,2B,CHC,28,76,4,22,6,0,1,4,4,24,1,2,.289,.325,.408,.733
Cory Spangenberg,2B,SD,108,303,38,82,17,5,4,21,28,75,9,4,.271,.333,.399,.733
Josh Hamilton,LF,TEX,50,170,22,43,8,0,8,25,10,52,0,0,.253,.291,.441,.732
Tyler Collins,LF,DET,60,192,18,51,11,3,4,25,13,43,2,1,.266,.316,.417,.732
Martin Prado,3B,MIA,129,500,52,144,22,2,9,63,37,68,1,0,.288,.338,.394,.732
Kole Calhoun,RF,LAA,159,630,78,161,23,2,26,83,45,164,4,1,.256,.308,.422,.731
Michael McKenry,C,COL,58,127,20,26,7,3,4,17,22,41,2,2,.205,.329,.402,.730
Brad Miller,SS,SEA,144,438,44,113,22,4,11,46,47,101,13,4,.258,.329,.402,.730
Jay Bruce,RF,CIN,157,580,72,131,35,4,26,87,58,145,9,5,.226,.294,.434,.729
Jackson Williams,C,SF,7,10,1,2,1,0,0,1,4,1,1,0,.200,.429,.300,.729
Brock Holt,2B,BOS,129,454,56,127,27,6,2,45,46,97,8,1,.280,.349,.379,.727
Tommy La Stella,X,CHC,33,67,4,18,6,0,1,11,5,7,2,0,.269,.324,.403,.727
Billy Burns,CF,OAK,125,520,70,153,18,9,5,42,26,81,26,8,.294,.334,.392,.726
Jimmy Paredes,DH,BAL,104,363,46,100,17,2,10,42,19,111,4,4,.275,.310,.416,.726
Rey Navarro,2B,BAL,10,29,5,8,2,0,1,3,0,3,0,0,.276,.276,.448,.724
Greg Garcia,X,STL,49,75,7,18,5,0,2,4,10,12,0,0,.240,.337,.387,.724
Carlos Gomez,CF,HOU,115,435,61,111,29,1,12,56,31,101,17,9,.255,.314,.409,.724
Jorge Soler,RF,CHC,101,366,39,96,18,1,10,47,32,121,3,1,.262,.324,.399,.723
Brandon Phillips,2B,CIN,148,588,69,173,19,2,12,70,27,68,23,3,.294,.328,.395,.722
Nick Castellanos,3B,DET,154,549,42,140,33,6,15,73,39,152,0,3,.255,.303,.419,.722
Aaron Hicks,CF,MIN,97,352,48,90,11,3,11,33,34,66,13,3,.256,.323,.398,.721
Ryan Howard,1B,PHI,129,467,53,107,29,1,23,77,27,138,0,0,.229,.277,.443,.720
Aramis Ramirez,3B,PIT,137,475,43,117,31,1,17,75,31,68,1,0,.246,.297,.423,.720
Abraham Almonte,CF,CLE,82,232,36,58,12,5,5,24,21,52,7,1,.250,.310,.409,.719
Danny Espinosa,2B,WSH,118,367,59,88,21,1,13,37,33,106,5,2,.240,.311,.409,.719
Ben Revere,LF,TOR,152,592,84,181,22,7,2,45,32,64,31,7,.306,.342,.377,.718
Delino DeShields,CF,TEX,121,425,83,111,22,10,2,37,53,101,25,8,.261,.344,.374,.718
Jesus Aguilar,X,CLE,7,19,0,6,1,0,0,2,0,7,0,0,.316,.350,.368,.718
Joe Mauer,1B,MIN,158,592,69,157,34,2,10,66,67,112,2,1,.265,.338,.380,.718
Jeff Francoeur,RF,PHI,118,326,34,84,16,1,13,45,13,77,0,2,.258,.286,.433,.718
Kevin Kiermaier,CF,TB,151,505,62,133,25,12,10,40,24,95,18,5,.263,.298,.420,.718
Oswaldo Arcia,LF,MIN,19,58,6,16,0,0,2,8,4,15,0,0,.276,.338,.379,.718
Joey Gallo,LF,TEX,36,108,16,22,3,1,6,14,15,57,3,0,.204,.301,.417,.718
Josh Harrison,3B,PIT,114,418,57,120,29,1,4,28,19,71,10,8,.287,.327,.390,.717
Hanley Ramirez,LF,BOS,105,401,59,100,12,1,19,53,21,71,6,3,.249,.291,.426,.717
Steven Souza Jr.,RF,TB,110,373,59,84,15,1,16,40,46,144,12,6,.225,.318,.399,.717
Jonathan Lucroy,C,MIL,103,371,51,98,20,3,7,43,36,64,1,0,.264,.326,.391,.717
Jose Iglesias,SS,DET,120,416,44,125,17,3,2,23,25,44,11,8,.300,.347,.370,.717
Jorge Polanco,SS,MIN,4,10,1,3,0,0,0,1,2,1,1,0,.300,.417,.300,.717
Jake Lamb,3B,ARI,107,350,38,92,15,5,6,34,36,97,3,2,.263,.331,.386,.716
Hector Olivera,3B,ATL,24,79,4,20,4,1,2,11,5,12,0,0,.253,.310,.405,.715
Marcus Semien,SS,OAK,155,556,65,143,23,7,15,45,42,132,11,5,.257,.310,.405,.715
Brent Morel,3B,PIT,3,7,1,2,1,0,0,1,0,3,0,0,.286,.286,.429,.714
Darin Ruf,1B,PHI,106,268,30,63,12,0,12,39,21,69,1,0,.235,.300,.414,.714
Kevin Pillar,CF,TOR,159,586,76,163,31,2,12,56,28,85,25,4,.278,.314,.399,.713
Billy Butler,DH,OAK,151,538,63,135,28,1,15,65,52,101,0,0,.251,.323,.390,.713
Paulo Orlando,RF,KC,86,241,31,60,14,6,7,27,5,53,3,3,.249,.269,.444,.713
Mark Reynolds,1B,STL,140,382,35,88,21,2,13,48,44,121,2,3,.230,.315,.398,.713
Dustin Ackley,X,NYY,108,238,28,55,11,3,10,30,18,45,2,2,.231,.284,.429,.712
Jed Lowrie,3B,HOU,69,230,35,51,14,0,9,30,28,43,1,0,.222,.312,.400,.712
Blake Swihart,C,BOS,84,288,47,79,17,1,5,31,18,77,4,2,.274,.319,.392,.712
Brandon Moss,1B,STL,145,469,47,106,24,2,19,58,49,148,0,1,.226,.304,.407,.711
Carlos Peguero,LF,BOS,34,75,11,14,4,0,4,9,13,37,2,0,.187,.311,.400,.711
Steve Pearce,LF,BAL,92,294,42,64,13,1,15,40,23,69,1,1,.218,.289,.422,.711
Wilin Rosario,1B,COL,87,231,22,62,14,1,6,29,8,56,2,1,.268,.295,.416,.710
Derek Norris,C,SD,147,515,65,129,33,2,14,62,35,131,4,1,.250,.305,.404,.709
Brian Bogusevic,RF,PHI,22,58,9,15,3,0,2,5,3,21,2,0,.259,.295,.414,.709
Melky Cabrera,LF,CWS,158,629,70,172,36,2,12,77,40,88,3,0,.273,.314,.394,.708
Geovany Soto,C,CWS,78,187,20,41,8,0,9,21,21,63,0,1,.219,.301,.406,.708
Kolten Wong,2B,STL,150,557,71,146,28,4,11,61,36,95,15,8,.262,.321,.386,.707
Anthony Rendon,2B,WSH,80,311,43,82,16,0,5,25,36,70,1,2,.264,.344,.363,.707
Carl Crawford,LF,LAD,69,181,19,48,9,2,4,16,10,41,10,2,.265,.304,.403,.707
Yasmany Tomas,RF,ARI,118,406,40,111,19,3,9,48,17,110,5,2,.273,.305,.401,.707
Brett Lawrie,3B,OAK,149,562,64,146,29,3,16,60,28,144,5,2,.260,.299,.407,.706
Salvador Perez,C,KC,142,531,52,138,25,0,21,70,13,82,1,0,.260,.280,.426,.706
Wilmer Flores,SS,NYM,137,483,55,127,22,0,16,59,19,63,0,1,.263,.295,.408,.703
Tim Beckham,2B,TB,82,203,24,45,7,4,9,37,13,69,3,1,.222,.274,.429,.702
Torii Hunter,RF,MIN,139,521,67,125,22,0,22,81,35,105,2,5,.240,.293,.409,.702
Gregory Polanco,RF,PIT,153,593,83,152,35,6,9,52,55,121,27,10,.256,.320,.381,.701
Scott Van Slyke,LF,LAD,96,222,19,53,14,0,6,30,23,62,3,1,.239,.317,.383,.700
Tim Cooney,P,STL,6,10,1,3,1,0,0,0,0,0,0,0,.300,.300,.400,.700
Michael Cuddyer,LF,NYM,117,379,44,98,18,1,10,41,24,88,2,0,.259,.309,.391,.699
Richie Shaffer,X,TB,31,74,11,14,3,0,4,6,10,32,0,1,.189,.307,.392,.699
Cameron Maybin,CF,ATL,141,505,65,135,18,2,10,59,45,102,23,6,.267,.327,.370,.697
Jefry Marte,1B,DET,33,80,9,17,4,0,4,11,8,22,0,0,.213,.284,.413,.697
Austin Jackson,RF,CHC,136,491,56,131,25,3,9,48,29,126,17,10,.267,.311,.385,.696
Addison Russell,2B,CHC,142,475,60,115,29,1,13,54,42,149,4,3,.242,.307,.389,.696
J.T. Realmuto,C,MIA,126,441,49,114,21,7,10,47,19,70,8,4,.259,.290,.406,.696
Miguel Rojas,SS,MIA,60,142,13,40,7,1,1,17,11,16,0,1,.282,.329,.366,.695
Alex Guerrero,X,LAD,106,219,25,51,9,1,11,36,7,57,1,0,.233,.261,.434,.695
Johnny Giavotella,2B,LAA,129,453,51,123,25,5,4,49,32,59,2,1,.272,.318,.375,.694
Jedd Gyorko,2B,SD,128,421,34,104,15,0,16,57,27,107,0,1,.247,.297,.397,.694
Chase Headley,3B,NYY,156,580,74,150,29,1,11,62,51,135,0,2,.259,.324,.369,.693
Ezequiel Carrera,LF,TOR,91,172,27,47,8,0,3,26,11,45,2,1,.273,.321,.372,.693
Caleb Joseph,C,BAL,100,320,38,75,16,1,11,49,27,72,0,0,.234,.299,.394,.693
Jaff Decker,X,PIT,23,28,8,6,1,1,0,1,7,9,0,0,.214,.371,.321,.693
Christian Colon,SS,KC,43,107,8,31,5,0,0,6,11,17,3,2,.290,.356,.336,.692
Chris Denorfia,LF,CHC,103,212,18,57,11,1,3,18,15,56,0,1,.269,.319,.373,.691
Marcell Ozuna,CF,MIA,123,459,47,119,27,0,10,44,30,110,2,3,.259,.308,.383,.691
Jarrod Dyson,CF,KC,90,200,31,50,8,6,2,18,14,37,26,3,.250,.311,.380,.690
JB Shuck,X,CWS,79,143,15,38,8,2,0,15,16,16,7,5,.266,.340,.350,.689
Cody Asche,LF,PHI,129,425,41,104,22,3,12,39,26,111,1,2,.245,.294,.395,.689
Adeiny Hechavarria,SS,MIA,130,470,54,132,17,6,5,48,23,78,7,2,.281,.315,.374,.689
Eric Fryer,C,MIN,15,22,2,5,2,0,0,2,5,11,0,0,.227,.370,.318,.689
Grady Sizemore,LF,TB,97,273,24,69,17,0,6,33,20,60,3,3,.253,.307,.381,.688
Ruben Tejada,SS,NYM,116,360,36,94,23,0,3,28,38,70,2,1,.261,.338,.350,.688
Jose Reyes,SS,COL,116,481,57,132,25,2,7,53,26,62,24,6,.274,.310,.378,.688
Henry Urrutia,LF,BAL,10,34,3,9,1,0,1,6,2,3,0,0,.265,.306,.382,.688
Chris Parmelee,1B,BAL,32,97,11,21,7,1,4,9,4,26,0,1,.216,.255,.433,.688
Anthony Gose,CF,DET,140,485,73,123,24,8,5,26,45,145,23,11,.254,.321,.367,.688
Didi Gregorius,SS,NYY,155,525,57,139,24,2,9,56,33,85,5,3,.265,.318,.370,.688
Cesar Hernandez,2B,PHI,127,405,57,110,20,4,1,35,40,86,19,5,.272,.339,.348,.687
Jayson Werth,LF,WSH,88,331,51,73,16,1,12,42,38,84,0,1,.221,.302,.384,.685
Logan Morrison,1B,SEA,146,457,47,103,15,3,17,54,47,81,8,4,.225,.302,.383,.685
Elian Herrera,3B,MIL,83,256,29,62,18,0,7,33,18,72,3,1,.242,.290,.395,.684
Ivan De Jesus,LF,CIN,76,201,15,49,10,2,4,28,19,55,0,2,.244,.311,.373,.684
James McCann,C,DET,114,401,32,106,18,5,7,41,16,90,0,1,.264,.297,.387,.683
Dioner Navarro,C,TOR,54,171,17,42,7,0,5,20,17,29,0,0,.246,.307,.374,.682
James Loney,1B,TB,104,361,25,101,16,0,4,32,23,34,2,4,.280,.322,.357,.680
Shane Peterson,LF,MIL,93,201,22,52,7,3,2,16,20,55,0,1,.259,.324,.353,.678
Dilson Herrera,2B,NYM,31,90,7,19,3,1,3,6,11,23,2,0,.211,.311,.367,.677
Jerry Sands,RF,CLE,50,123,11,29,5,1,4,19,9,36,0,0,.236,.286,.390,.676
Scooter Gennett,2B,MIL,114,375,42,99,18,4,6,29,12,68,1,3,.264,.294,.381,.676
Cameron Rupp,C,PHI,81,270,24,63,9,1,9,28,24,71,0,1,.233,.301,.374,.675
Avisail Garcia,RF,CWS,148,553,66,142,17,2,13,59,36,141,7,7,.257,.309,.365,.675
Chris Heisey,RF,LAD,33,55,8,10,2,0,2,9,15,17,0,1,.182,.347,.327,.674
Ian Desmond,SS,WSH,156,583,69,136,27,2,19,62,45,187,13,5,.233,.290,.384,.674
Stefen Romero,LF,SEA,13,21,6,4,1,0,1,3,3,6,0,0,.190,.292,.381,.673
Ryan Goins,2B,TOR,128,376,52,94,16,4,5,45,39,83,2,1,.250,.318,.354,.672
Josh Rutledge,2B,BOS,39,74,11,21,1,0,1,10,5,26,0,0,.284,.333,.338,.671
Starlin Castro,SS,CHC,151,547,52,145,23,2,11,69,21,91,5,5,.265,.296,.375,.671
Dariel Alvarez,RF,BAL,12,29,3,7,1,0,1,1,2,8,0,0,.241,.290,.379,.670
Will Venable,LF,TEX,135,349,40,85,13,3,6,33,37,94,16,1,.244,.320,.350,.669
Victor Martinez,DH,DET,120,440,39,108,20,0,11,64,31,52,0,0,.245,.301,.366,.667
Lonnie Chisenhall,RF,CLE,106,333,38,82,19,1,7,44,23,69,4,1,.246,.294,.372,.667
Elvis Andrus,SS,TEX,160,596,69,154,34,2,7,62,46,78,25,9,.258,.309,.357,.667
Jesse Chavez,P,OAK,3,3,0,1,0,0,0,0,0,2,0,0,.333,.333,.333,.667
Justin De Fratus,P,PHI,57,3,0,1,0,0,0,0,0,1,0,0,.333,.333,.333,.667
Marco Estrada,P,TOR,2,6,0,2,0,0,0,0,0,2,0,0,.333,.333,.333,.667
Sean Gilmartin,P,NYM,48,6,1,2,0,0,0,0,0,3,0,0,.333,.333,.333,.667
Taylor Jordan,P,WSH,4,6,0,2,0,0,0,0,0,2,0,0,.333,.333,.333,.667
Adam Loewen,P,PHI,19,3,0,1,0,0,0,0,0,0,0,0,.333,.333,.333,.667
Jordan Pacheco,C,ARI,29,66,8,16,0,0,2,8,9,14,1,0,.242,.333,.333,.667
Josh A. Smith,P,CIN,10,9,1,2,0,1,0,0,0,4,0,0,.222,.222,.444,.667
Jemile Weeks,2B,BOS,3,9,1,3,0,0,0,1,0,2,0,0,.333,.333,.333,.667
C.J. Wilson,P,LAA,2,6,0,2,0,0,0,0,0,1,0,0,.333,.333,.333,.667
Brett Hayes,C,CLE,14,32,4,5,0,0,3,6,3,7,0,0,.156,.229,.438,.666
Andrew Susac,C,SF,52,133,14,29,7,2,3,14,14,43,0,0,.218,.297,.368,.666
Jake Marisnick,CF,HOU,133,339,46,80,15,4,9,36,18,105,24,9,.236,.281,.383,.665
Drew Stubbs,CF,TEX,78,123,20,24,4,2,5,10,14,60,5,1,.195,.283,.382,.665
Desmond Jennings,LF,TB,28,97,9,26,2,1,1,7,8,17,5,3,.268,.324,.340,.664
Ryan Hanigan,C,BOS,54,174,28,43,8,0,2,16,20,39,0,0,.247,.337,.328,.664
Dalton Pompey,CF,TOR,34,94,17,21,8,0,2,6,7,23,5,1,.223,.291,.372,.664
Travis Snider,X,PIT,87,237,24,55,12,2,4,28,26,66,1,0,.232,.313,.350,.663
Jacoby Ellsbury,CF,NYY,111,452,66,116,15,2,7,33,35,86,21,9,.257,.318,.345,.663
Jeff Baker,X,MIA,41,72,11,15,3,0,3,8,8,25,0,0,.208,.288,.375,.662
Jesus Montero,1B,SEA,38,112,11,25,6,0,5,19,4,32,0,0,.223,.250,.411,.661
Yadier Molina,C,STL,136,488,34,132,23,2,4,61,32,59,3,1,.270,.310,.350,.660
Max Muncy,1B,OAK,45,102,14,21,8,1,3,9,9,31,0,0,.206,.268,.392,.660
Jonny Gomes,X,KC,95,225,29,48,9,0,7,26,31,81,1,1,.213,.313,.347,.660
Andrelton Simmons,SS,ATL,147,535,60,142,23,2,4,44,39,48,5,3,.265,.321,.338,.660
Chris Stewart,C,PIT,58,159,9,46,8,0,0,15,6,29,0,0,.289,.320,.340,.659
Juan Carlos Perez,X,SF,22,39,5,11,3,0,0,2,1,6,1,0,.282,.300,.359,.659
Brayan Pena,C,CIN,108,333,17,91,17,0,0,18,29,34,2,0,.273,.334,.324,.659
Yan Gomes,C,CLE,95,363,38,84,22,0,12,45,13,104,0,0,.231,.267,.391,.658
Pablo Sandoval,3B,BOS,126,470,43,115,25,1,10,47,25,73,0,0,.245,.292,.366,.658
Matt Adams,1B,STL,60,175,14,42,9,0,5,24,10,41,1,0,.240,.280,.377,.657
Brandon Barnes,LF,COL,106,255,30,64,13,2,2,17,21,67,4,2,.251,.314,.341,.656
Stephen Drew,2B,NYY,131,383,43,77,16,1,17,44,37,71,0,2,.201,.271,.381,.652
Tyler Flowers,C,CWS,112,331,21,79,12,0,9,39,21,104,0,1,.239,.295,.356,.652
Ike Davis,1B,OAK,72,214,19,49,17,0,3,20,23,44,0,0,.229,.301,.350,.652
Tucker Barnhart,C,CIN,81,242,23,61,9,0,3,18,25,45,0,1,.252,.324,.326,.650
Cheslor Cuthbert,3B,KC,19,46,6,10,2,1,1,8,4,9,0,0,.217,.280,.370,.650
Paul Janish,SS,BAL,14,35,4,10,3,0,0,3,0,3,0,0,.286,.278,.371,.649
Jace Peterson,2B,ATL,152,528,55,126,23,5,6,52,56,120,12,10,.239,.314,.335,.649
Michael Morse,X,PIT,98,229,14,53,7,1,5,19,23,76,0,0,.231,.313,.336,.649
Jake Smolinski,LF,OAK,76,166,24,32,7,2,6,26,19,39,1,1,.193,.281,.367,.649
Jason Castro,C,HOU,104,337,38,71,19,0,11,31,33,115,0,0,.211,.283,.365,.648
Rusney Castillo,RF,BOS,80,273,35,69,10,2,5,29,13,54,4,5,.253,.288,.359,.647
Juan Lagares,CF,NYM,143,441,47,114,16,5,6,41,16,87,7,3,.259,.289,.358,.647
Freddy Galvis,SS,PHI,151,559,63,147,14,5,7,50,30,103,10,1,.263,.302,.343,.646
Carlos Perez,C,LAA,86,260,20,65,13,0,4,21,19,49,2,0,.250,.299,.346,.645
Kirk Nieuwenhuis,X,NYM,74,128,21,25,11,0,4,14,10,49,2,2,.195,.270,.375,.644
Steven Matz,P,NYM,6,14,1,4,1,0,0,5,0,1,0,0,.286,.286,.357,.643
Jimmy Rollins,SS,LAD,144,517,71,116,24,3,13,41,44,86,12,8,.224,.285,.358,.642
Sean Rodriguez,1B,PIT,139,224,25,55,12,1,4,17,5,63,2,2,.246,.281,.362,.642
Skip Schumaker,X,CIN,131,244,23,59,20,0,1,21,23,51,2,2,.242,.306,.336,.642
Alexei Ramirez,SS,CWS,154,583,54,145,33,0,10,62,31,68,17,7,.249,.285,.357,.642
Tyson Ross,P,SD,32,56,6,14,1,1,1,6,2,19,0,0,.250,.283,.357,.640
Michael A. Taylor,CF,WSH,138,472,49,108,15,2,14,63,35,158,16,3,.229,.282,.358,.640
Alex Rios,RF,KC,105,385,40,98,22,2,4,32,15,67,9,0,.255,.287,.353,.640
Aaron Hill,2B,ARI,116,313,32,72,18,0,6,39,31,54,7,2,.230,.295,.345,.640
Erick Aybar,SS,LAA,156,597,74,161,30,1,3,44,25,73,15,6,.270,.301,.338,.640
Darnell Sweeney,X,PHI,37,85,9,15,4,1,3,11,13,27,0,2,.176,.286,.353,.639
Adam Rosales,1B,TEX,53,114,14,26,4,0,3,7,10,30,4,4,.228,.296,.342,.638
Austin Barnes,C,LAD,20,29,4,6,2,0,0,1,6,6,1,0,.207,.361,.276,.637
Ryan Flaherty,2B,BAL,91,267,34,54,8,3,9,31,26,81,0,0,.202,.281,.356,.637
Angel Pagan,CF,SF,133,512,55,134,21,3,3,37,32,93,12,4,.262,.303,.332,.635
Nick Ahmed,SS,ARI,134,421,49,95,17,6,9,34,29,81,4,5,.226,.275,.359,.634
Adam LaRoche,DH,CWS,127,429,41,89,21,0,12,44,49,133,0,0,.207,.293,.340,.634
Domonic Brown,RF,PHI,63,189,19,43,6,1,5,25,14,36,3,1,.228,.284,.349,.634
Colin Rea,P,SD,7,9,2,2,1,0,0,0,1,4,0,0,.222,.300,.333,.633
Eury Perez,LF,ATL,47,119,10,32,4,0,0,5,7,23,3,1,.269,.331,.303,.633
Clint Barmes,SS,SD,98,207,24,48,14,1,3,16,10,55,0,1,.232,.281,.353,.633
Nick Swisher,LF,ATL,76,219,14,43,9,0,6,25,35,54,0,0,.196,.312,.320,.631
Jose Ramirez,SS,CLE,97,315,50,69,14,3,6,27,32,39,10,4,.219,.291,.340,.631
Jose Tabata,X,PIT,27,38,2,11,0,0,0,4,2,7,0,1,.289,.341,.289,.631
Tyler Ladendorf,LF,OAK,9,17,3,4,0,1,0,2,1,2,0,0,.235,.278,.353,.631
Brandon Drury,3B,ARI,20,56,3,12,3,0,2,8,2,8,0,0,.214,.254,.375,.629
Joey Terdoslavich,X,ATL,28,56,5,12,4,1,1,4,3,14,0,0,.214,.254,.375,.629
Chase Utley,2B,LAD,107,373,37,79,21,2,8,39,32,64,4,0,.212,.286,.343,.629
Delmon Young,RF,BAL,52,174,20,47,6,0,2,16,4,29,0,0,.270,.289,.339,.628
Chris Iannetta,C,LAA,92,272,28,51,10,0,10,34,41,83,0,1,.188,.293,.335,.628
Conor Gillaspie,3B,LAA,75,237,14,54,15,2,4,24,13,47,0,1,.228,.269,.359,.627
Pedro Ciriaco,X,ATL,84,142,14,37,8,1,1,15,2,38,4,2,.261,.275,.352,.627
David DeJesus,X,LAA,112,288,27,67,9,2,5,30,21,52,3,2,.233,.297,.330,.626
Alex Avila,C,DET,67,178,21,34,5,0,4,13,40,66,0,1,.191,.339,.287,.626
Kennys Vargas,DH,MIN,58,175,18,42,4,0,5,17,9,54,0,0,.240,.277,.349,.626
Jason Bourgeois,CF,CIN,68,196,28,47,5,2,3,14,14,33,3,1,.240,.294,.332,.626
Jon Singleton,1B,HOU,19,47,6,9,2,0,1,6,10,17,1,0,.191,.328,.298,.626
Chris Johnson,DH,CLE,83,243,18,62,11,0,3,18,10,74,2,1,.255,.286,.337,.624
Michael Martinez,X,CLE,16,30,7,8,2,0,0,2,1,12,0,1,.267,.290,.333,.624
Peter Bourjos,CF,STL,117,195,32,39,8,3,4,13,19,59,5,8,.200,.290,.333,.623
Andrew Romine,3B,DET,109,184,25,47,5,0,2,15,11,46,10,5,.255,.307,.315,.622
Shane Robinson,LF,MIN,83,180,28,45,7,3,0,16,12,29,6,1,.250,.299,.322,.621
Trea Turner,2B,WSH,27,40,5,9,1,0,1,1,4,12,2,2,.225,.295,.325,.620
Ryan Rua,LF,TEX,28,83,10,16,5,0,4,7,3,32,0,0,.193,.221,.398,.618
Garrett Jones,RF,NYY,57,144,12,31,4,1,5,17,8,37,0,0,.215,.257,.361,.618
Jean Segura,SS,MIL,142,560,57,144,16,5,6,50,13,93,25,6,.257,.281,.336,.616
Justin Maxwell,RF,SF,100,249,26,52,8,2,7,26,20,76,2,1,.209,.275,.341,.616
Tommy Field,2B,TEX,14,41,6,8,1,0,2,5,2,16,1,0,.195,.250,.366,.616
Wilson Ramos,C,WSH,128,475,41,109,16,0,15,68,21,101,0,0,.229,.258,.358,.616
Rafael Ynoa,X,COL,72,127,14,33,8,1,0,9,3,28,1,0,.260,.277,.339,.616
Taylor Jungmann,P,MIL,21,37,2,10,2,0,0,0,1,12,0,0,.270,.289,.324,.614
Alcides Escobar,SS,KC,148,612,76,157,20,5,3,47,26,75,17,5,.257,.293,.320,.614
Tyler Moore,X,WSH,97,187,14,38,12,0,6,27,11,45,0,0,.203,.250,.364,.614
Jordy Mercer,SS,PIT,116,394,34,96,21,0,3,34,27,73,3,2,.244,.293,.320,.613
Matt Szczur,LF,CHC,47,72,5,16,5,0,1,8,6,15,2,0,.222,.278,.333,.612
Mike Baxter,X,CHC,34,57,6,14,1,0,0,2,7,14,0,0,.246,.348,.263,.612
Logan Schafer,CF,MIL,69,122,17,27,6,1,1,6,12,29,1,0,.221,.299,.311,.611
Kurt Suzuki,C,MIN,131,433,36,104,17,0,5,50,29,59,0,0,.240,.296,.314,.610
Gio Urshela,3B,CLE,81,267,25,60,8,1,6,21,18,58,0,1,.225,.279,.330,.608
Brendan Ryan,2B,NYY,47,96,10,22,6,2,0,8,5,29,0,0,.229,.275,.333,.608
Daniel Descalso,X,COL,101,185,22,38,3,2,5,22,20,45,1,2,.205,.283,.324,.607
Gordon Beckham,3B,CWS,100,211,24,44,8,0,6,20,19,43,0,1,.209,.275,.332,.607
Travis Ishikawa,X,PIT,44,63,6,13,3,0,1,8,9,20,0,0,.206,.306,.302,.607
Eric Campbell,3B,NYM,71,173,28,34,8,0,3,19,26,37,5,3,.197,.312,.295,.607
Daniel Castro,2B,ATL,33,96,14,23,2,1,2,5,3,15,0,0,.240,.263,.344,.606
Daniel Robertson,LF,LAA,37,75,10,21,2,0,0,7,2,7,0,0,.280,.299,.307,.605
Ryan Lavarnway,C,ATL,37,94,6,18,6,0,2,6,12,28,0,0,.191,.283,.319,.602
Tyler Saladino,3B,CWS,68,236,33,53,6,4,4,20,12,51,8,2,.225,.267,.335,.602
Will Middlebrooks,3B,SD,83,255,23,54,7,2,9,29,11,60,2,1,.212,.241,.361,.602
Shane Victorino,LF,LAA,71,178,19,41,4,2,1,7,16,32,7,0,.230,.308,.292,.601
Cristhian Adames,SS,COL,26,53,4,13,1,1,0,3,3,11,0,1,.245,.298,.302,.600
Mike Aviles,LF,CLE,98,290,37,67,10,0,5,17,20,38,3,1,.231,.282,.317,.599
Munenori Kawasaki,2B,TOR,23,28,6,6,2,0,0,2,4,6,0,1,.214,.313,.286,.598
Dan Uggla,X,WSH,67,120,12,22,4,2,2,16,19,40,0,1,.183,.298,.300,.598
Eric Sogard,2B,OAK,120,372,40,92,12,3,1,37,23,50,6,1,.247,.294,.304,.598
Corey Hart,X,PIT,35,54,3,12,1,0,2,9,1,19,0,0,.222,.246,.352,.598
Efren Navarro,1B,LAA,54,83,9,21,4,0,0,5,5,16,0,2,.253,.295,.301,.597
Yolmer Sanchez,2B,CWS,120,389,40,87,23,1,5,31,19,81,2,2,.224,.268,.326,.595
Alberto Callaspo,3B,LAD,97,230,20,54,7,0,1,15,28,34,0,0,.235,.315,.278,.594
Michael Bourn,LF,ATL,141,425,39,101,15,2,0,30,46,107,17,7,.238,.310,.282,.592
Travis Jankowski,CF,SD,34,90,9,19,2,2,2,12,4,24,2,1,.211,.245,.344,.589
Xavier Scruggs,1B,STL,17,42,5,11,2,0,0,7,0,10,1,0,.262,.279,.310,.589
Trevor Brown,C,SF,13,39,1,9,3,0,0,5,3,8,1,1,.231,.279,.308,.587
Chris Owings,2B,ARI,147,515,59,117,27,5,4,43,26,144,16,4,.227,.264,.322,.587
Dixon Machado,SS,DET,24,68,6,16,3,0,0,5,7,14,1,0,.235,.307,.279,.586
Hernan Perez,3B,MIL,112,263,14,64,15,2,1,21,5,59,5,1,.243,.257,.327,.584
Mat Latos,P,LAD,21,24,1,7,0,0,0,1,0,7,0,0,.292,.292,.292,.583
L.J. Hoes,RF,HOU,8,15,1,4,0,0,0,1,1,3,0,0,.267,.313,.267,.579
Cliff Pennington,2B,TOR,105,210,24,44,6,0,3,21,27,49,3,0,.210,.298,.281,.578
Leonys Martin,CF,TEX,95,288,26,63,12,0,5,25,16,69,14,5,.219,.264,.313,.576
Micah Johnson,2B,CWS,36,100,10,23,4,0,0,4,9,30,3,2,.230,.306,.270,.576
Kevin Plawecki,C,NYM,73,233,18,51,9,0,3,21,17,60,0,0,.219,.280,.296,.576
Michael Lorenzen,P,CIN,30,36,4,9,0,1,0,4,0,13,0,0,.250,.270,.306,.576
Byron Buxton,CF,MIN,46,129,16,27,7,1,2,6,6,44,2,2,.209,.250,.326,.576
Jonathan Herrera,X,CHC,73,126,14,29,5,1,2,14,2,23,3,0,.230,.242,.333,.576
Carlos Ruiz,C,PHI,86,284,23,60,13,1,2,22,28,43,1,1,.211,.290,.285,.575
Zack Greinke,P,LAD,30,67,8,15,2,0,2,3,1,14,1,0,.224,.232,.343,.575
Martin Maldonado,C,MIL,79,229,19,48,7,0,4,22,23,65,0,1,.210,.282,.293,.575
Mike Olt,3B,CWS,30,94,7,18,0,0,4,5,7,35,0,1,.191,.255,.319,.574
Jose Lobaton,C,WSH,44,136,11,27,4,0,3,20,15,40,0,0,.199,.279,.294,.573
Sam Fuld,LF,OAK,120,290,34,57,16,3,2,22,30,55,9,3,.197,.276,.293,.569
Ehire Adrianza,2B,SF,52,113,11,21,7,1,0,11,15,20,3,2,.186,.303,.265,.568
Jose Peraza,2B,LAD,7,22,3,4,1,1,0,1,2,2,3,0,.182,.250,.318,.568
J.J. Hardy,SS,BAL,114,411,45,90,14,0,8,37,20,88,0,0,.219,.253,.311,.564
Matt Joyce,LF,LAA,93,247,17,43,12,1,5,21,30,67,0,3,.174,.272,.291,.564
Junior Lake,LF,BAL,29,80,4,16,7,0,1,5,4,29,4,0,.200,.238,.325,.563
Billy Hamilton,CF,CIN,114,412,56,93,8,3,4,28,28,75,57,8,.226,.274,.289,.563
Jon Jay,CF,STL,79,210,25,44,5,1,1,10,19,36,0,2,.210,.306,.257,.563
Ichiro Suzuki,RF,MIA,153,398,45,91,5,6,1,21,31,51,11,5,.229,.282,.279,.561
Daniel Nava,RF,TB,60,139,13,27,4,0,1,10,20,36,1,0,.194,.315,.245,.560
Alex Presley,LF,HOU,8,12,1,3,0,0,0,1,1,5,0,0,.250,.308,.250,.558
Jose Pirela,2B,NYY,37,74,7,17,3,0,1,5,2,16,1,0,.230,.247,.311,.558
Jose Fernandez,P,MIA,10,18,2,3,1,0,1,2,0,4,0,0,.167,.167,.389,.556
David Lough,LF,BAL,84,134,14,27,1,1,4,12,5,36,2,4,.201,.241,.313,.555
Steven Moya,DH,DET,9,22,1,4,0,1,0,0,3,10,0,0,.182,.280,.273,.553
Omar Infante,2B,KC,124,440,39,97,23,7,2,44,9,69,2,2,.220,.234,.318,.552
Deven Marrero,3B,BOS,25,53,8,12,0,0,1,3,3,19,2,1,.226,.268,.283,.551
Darrell Ceciliani,X,NYM,39,68,5,14,2,0,1,3,4,25,5,1,.206,.270,.279,.550
Jake Peavy,P,SF,19,36,5,7,2,0,1,3,1,17,0,0,.194,.216,.333,.550
Todd Cunningham,LF,ATL,39,86,13,19,4,0,0,4,5,17,2,1,.221,.280,.267,.547
Jake Elmore,1B,TB,51,141,10,29,5,0,2,16,12,25,1,1,.206,.263,.284,.546
John Mayberry,X,NYM,59,110,8,18,6,1,3,9,9,33,1,0,.164,.227,.318,.545
Tony Cruz,C,STL,69,142,6,29,7,1,2,11,6,32,0,0,.204,.235,.310,.545
Alexi Amarista,SS,SD,118,324,28,66,10,4,3,30,24,55,5,1,.204,.257,.287,.544
Carlos Corporan,C,TEX,33,107,10,19,4,0,3,15,6,40,0,0,.178,.244,.299,.543
Tuffy Gosewisch,C,ARI,38,128,9,27,6,0,1,13,8,23,2,1,.211,.261,.281,.542
Kyle Kendrick,P,COL,25,43,6,8,2,0,1,2,3,16,0,0,.186,.239,.302,.542
Casey McGehee,X,MIA,109,237,14,47,12,0,2,20,21,50,1,1,.198,.264,.274,.538
Kaleb Cowart,3B,LAA,34,46,8,8,2,0,1,4,5,19,1,1,.174,.255,.283,.538
Hector Gomez,2B,MIL,66,127,15,23,11,2,1,7,3,40,0,0,.181,.212,.323,.535
Kyle Parker,LF,COL,46,106,10,19,3,1,3,11,6,37,1,0,.179,.223,.311,.534
Danny Santana,SS,MIN,91,261,30,56,10,5,0,21,6,68,8,4,.215,.241,.291,.532
Doug Fister,P,WSH,29,31,2,7,1,0,0,0,2,15,0,0,.226,.273,.258,.531
Mike Zunino,C,SEA,112,350,28,61,11,0,11,28,21,132,0,1,.174,.230,.300,.530
Noah Syndergaard,P,NYM,22,43,2,9,1,0,1,4,1,26,0,0,.209,.227,.302,.530
Collin Cowgill,LF,LAA,55,69,10,13,2,1,1,2,4,19,2,1,.188,.233,.290,.523
David Buchanan,P,PHI,15,20,2,4,1,0,0,1,2,8,0,0,.200,.273,.250,.523
Reed Johnson,X,WSH,17,22,0,5,1,0,0,3,0,6,0,0,.227,.250,.273,.523
Tim Hudson,P,SF,22,38,3,7,2,0,1,1,1,11,0,0,.184,.205,.316,.521
Nick Franklin,2B,TB,44,101,11,16,4,1,3,7,7,37,1,0,.158,.213,.307,.520
Devin Mesoraco,X,CIN,23,45,2,8,1,1,0,2,5,9,1,0,.178,.275,.244,.519
David Ross,C,CHC,72,159,6,28,9,0,1,9,20,61,1,0,.176,.267,.252,.518
Mac Williamson,LF,SF,10,32,2,7,0,1,0,1,0,8,0,0,.219,.235,.281,.516
Chase d'Arnaud,X,PHI,11,17,2,3,0,1,0,0,1,7,0,1,.176,.222,.294,.516
Christian Bethancourt,C,ATL,48,155,16,31,8,0,2,12,5,33,1,1,.200,.225,.290,.515
Allan Dykstra,1B,TB,13,31,3,4,0,0,1,4,6,12,0,0,.129,.289,.226,.515
Rickie Weeks Jr.,X,SEA,37,84,7,14,1,0,2,9,9,25,0,0,.167,.263,.250,.513
Jordan Schafer,CF,MIN,27,69,9,15,3,0,0,5,3,23,0,3,.217,.250,.261,.511
Hector Sanchez,C,SF,28,56,5,10,4,0,1,5,2,14,0,0,.179,.207,.304,.510
Dustin Garneau,C,COL,22,70,6,11,3,0,2,8,6,14,0,0,.157,.224,.286,.509
Ryan Strausborger,X,TEX,31,45,9,9,0,0,1,3,3,11,2,1,.200,.240,.267,.507
Bobby Wilson,C,TEX,56,132,8,25,5,0,1,14,11,39,0,1,.189,.255,.250,.505
Drew Butera,C,KC,55,107,9,21,3,0,1,5,6,26,0,1,.196,.252,.252,.504
Jeff Mathis,C,MIA,32,93,9,15,4,1,2,12,7,24,0,0,.161,.214,.290,.504
Jeremy Hellickson,P,ARI,26,41,3,9,0,0,0,7,2,14,0,0,.220,.283,.220,.502
Hanser Alberto,2B,TEX,41,99,12,22,2,1,0,4,2,17,1,0,.222,.238,.263,.500
Alex Dickerson,X,SD,11,8,0,2,0,0,0,0,0,3,0,0,.250,.250,.250,.500
Buck Farmer,P,DET,2,4,0,1,0,0,0,0,0,3,0,0,.250,.250,.250,.500
Jeremy Guthrie,P,KC,2,4,0,1,0,0,0,0,0,0,0,0,.250,.250,.250,.500
Ubaldo Jimenez,P,BAL,4,8,0,2,0,0,0,2,0,4,0,0,.250,.250,.250,.500
Scott Kazmir,P,HOU,2,4,1,1,0,0,0,1,0,2,0,0,.250,.250,.250,.500
Adam Moore,C,CLE,1,4,0,1,0,0,0,1,0,2,0,0,.250,.250,.250,.500
Jon Moscot,P,CIN,2,4,0,1,0,0,0,0,0,2,0,0,.250,.250,.250,.500
Chris Rusin,P,COL,26,46,5,10,0,0,1,4,0,7,0,0,.217,.217,.283,.500
Matt Shoemaker,P,LAA,1,1,0,0,0,0,0,0,1,0,0,0,.000,.500,.000,.500
Pedro Villarreal,P,CIN,27,6,0,1,1,0,0,2,0,3,0,0,.167,.167,.333,.500
Michael Saunders,RF,TOR,9,31,2,6,0,0,0,3,5,10,0,0,.194,.306,.194,.499
Josh Thole,C,TOR,18,49,5,10,2,0,0,2,3,9,0,0,.204,.250,.245,.495
Grant Green,X,LAA,21,42,6,8,0,0,1,3,2,14,0,1,.190,.227,.262,.489
David Holmberg,P,CIN,6,8,2,1,0,0,0,0,2,5,0,0,.125,.364,.125,.489
Rene Rivera,C,TB,110,298,16,53,14,0,5,26,11,86,0,0,.178,.213,.275,.488
Kyle Lohse,P,MIL,38,39,3,9,1,0,0,1,0,10,0,0,.231,.231,.256,.487
Chris Herrmann,C,MIN,45,103,13,15,5,1,2,10,7,37,0,0,.146,.214,.272,.486
Clayton Richard,P,CHC,22,14,1,2,2,0,0,3,1,6,0,0,.143,.200,.286,.486
Erik Kratz,X,PHI,16,26,3,5,2,0,0,3,1,5,0,0,.192,.214,.269,.484
Joaquin Arias,X,SF,40,58,5,12,1,0,1,4,0,12,1,0,.207,.207,.276,.483
Leury Garcia,X,CWS,17,14,0,3,0,0,0,1,1,7,1,0,.214,.267,.214,.481
Everth Cabrera,SS,BAL,29,96,7,20,2,0,0,4,5,22,2,0,.208,.250,.229,.479
Coco Crisp,LF,OAK,44,126,11,22,6,0,0,6,13,25,2,0,.175,.252,.222,.474
Ramon Flores,LF,NYY,12,32,3,7,1,0,0,0,0,4,0,0,.219,.219,.250,.469
Robbie Grossman,LF,HOU,24,49,7,7,2,0,1,5,5,17,0,0,.143,.222,.245,.467
Tyler Lyons,P,STL,17,16,3,3,0,0,0,1,2,4,0,0,.188,.278,.188,.465
Eric Young Jr.,X,NYM,53,85,16,13,4,2,0,5,6,18,6,2,.153,.217,.247,.464
Austin Hedges,C,SD,56,137,13,23,2,0,3,11,8,38,0,0,.168,.215,.248,.463
Donovan Solano,X,MIA,55,90,6,17,3,1,0,7,1,18,0,0,.189,.215,.244,.460
Taylor Featherston,3B,LAA,101,154,23,25,5,1,2,9,7,46,4,2,.162,.212,.247,.459
Luis Sardinas,2B,MIL,36,97,8,19,0,1,0,4,6,25,0,0,.196,.240,.216,.457
Max Scherzer,P,WSH,32,69,4,15,0,0,0,0,2,23,0,0,.217,.239,.217,.457
Gregorio Petit,2B,NYY,20,42,7,7,3,0,0,5,3,16,0,0,.167,.217,.238,.456
Carson Blair,C,OAK,11,31,3,4,0,0,1,3,4,18,0,0,.129,.229,.226,.454
Trevor Bauer,P,CLE,3,6,0,1,0,0,0,0,1,1,0,0,.167,.286,.167,.452
Josh Collmenter,P,ARI,41,27,2,5,0,0,0,1,3,9,0,0,.185,.267,.185,.452
Anthony Recker,C,NYM,32,80,6,10,1,0,2,5,11,35,1,0,.125,.239,.213,.452
Kyle Kubitza,3B,LAA,19,36,6,7,0,0,0,1,3,15,0,0,.194,.256,.194,.451
Oscar Hernandez,C,ARI,18,31,4,5,1,0,0,1,3,15,0,0,.161,.257,.194,.451
Wil Nieves,C,SD,6,13,1,1,0,0,1,4,1,4,0,0,.077,.143,.308,.450
Adam Conley,P,MIA,13,18,0,4,0,0,0,1,0,8,0,0,.222,.222,.222,.444
Tanner Roark,P,WSH,37,27,1,5,2,0,0,0,0,9,0,0,.185,.185,.259,.444
Christian Walker,X,BAL,7,9,0,1,0,0,0,0,3,4,0,0,.111,.333,.111,.444
Chris Taylor,SS,SEA,37,94,9,16,3,1,0,1,6,31,3,2,.170,.220,.223,.443
Danny Muno,X,NYM,17,27,2,4,1,0,0,0,4,11,1,0,.148,.258,.185,.443
Allen Craig,X,BOS,36,79,6,12,1,0,1,3,7,26,0,0,.152,.239,.203,.441
Sandy Leon,C,BOS,41,114,8,21,2,0,0,3,7,28,0,1,.184,.238,.202,.440
Nick Noonan,SS,SF,14,22,2,2,1,0,1,3,2,8,0,0,.091,.167,.273,.439
Johnny Monell,X,NYM,27,48,5,8,2,0,0,4,4,13,0,0,.167,.231,.208,.439
Jonathon Niese,P,NYM,31,52,5,9,1,0,0,4,5,18,0,0,.173,.246,.192,.438
Jason Marquis,P,CIN,8,16,2,3,1,0,0,1,0,4,0,0,.188,.188,.250,.438
Kevin Frandsen,1B,SF,7,11,1,2,0,0,0,0,1,3,0,0,.182,.250,.182,.432
Chris Heston,P,SF,28,51,1,10,2,0,0,3,0,18,0,0,.196,.196,.235,.431
Marc Krauss,1B,DET,27,78,3,11,3,0,2,8,3,31,0,0,.141,.173,.256,.429
Jacob deGrom,P,NYM,28,59,3,11,1,0,0,4,3,16,0,0,.186,.226,.203,.429
Luke Maile,C,TB,15,35,2,6,3,0,0,2,0,8,0,0,.171,.171,.257,.429
Jake Arrieta,P,CHC,30,79,5,12,1,1,2,2,1,45,0,0,.152,.163,.266,.428
Jesus Sucre,C,SEA,50,127,9,20,6,0,1,7,6,21,0,0,.157,.195,.228,.424
Jonathan Diaz,SS,TOR,7,13,1,2,0,0,0,2,1,3,0,0,.154,.267,.154,.420
Alex Wood,P,LAD,29,55,2,9,2,0,0,4,4,34,0,0,.164,.220,.200,.420
Danny Dorn,X,ARI,23,30,0,5,1,0,0,3,2,10,0,0,.167,.219,.200,.419
Francisco Liriano,P,PIT,29,65,4,11,2,0,1,7,0,28,0,0,.169,.169,.246,.415
Ryan Vogelsong,P,SF,30,36,3,5,1,0,1,2,1,13,0,0,.139,.162,.250,.412
Vance Worley,P,PIT,23,17,1,3,1,0,0,0,0,6,0,0,.176,.176,.235,.412
Rob Brantly,C,CWS,14,33,3,4,1,0,1,6,2,8,0,0,.121,.167,.242,.409
Tim Lincecum,P,SF,16,21,0,3,1,0,0,0,2,10,0,0,.143,.217,.190,.408
Kyle Gibson,P,MIN,2,5,0,1,0,0,0,0,0,2,0,0,.200,.200,.200,.400
Joe Kelly,P,BOS,2,5,0,1,0,0,0,1,0,2,0,0,.200,.200,.200,.400
Dallas Keuchel,P,HOU,2,5,0,1,0,0,0,0,0,4,0,0,.200,.200,.200,.400
Hector Santiago,P,LAA,3,5,0,1,0,0,0,0,0,3,0,0,.200,.200,.200,.400
Taylor Teagarden,C,CHC,8,15,0,3,0,0,0,2,0,4,0,0,.200,.200,.200,.400
Kristopher Negron,SS,CIN,43,93,5,13,2,0,0,2,9,23,2,0,.140,.238,.161,.399
Christian Bergman,P,COL,29,12,1,2,0,0,0,0,1,4,0,0,.167,.231,.167,.397
Ryan Lollis,LF,SF,5,12,0,2,0,0,0,0,1,1,1,0,.167,.231,.167,.397
Craig Gentry,LF,OAK,26,50,6,6,0,2,0,3,4,15,1,1,.120,.196,.200,.396
Dan Johnson,1B,STL,12,19,1,3,0,0,0,2,2,4,0,0,.158,.238,.158,.396
Brennan Boesch,X,CIN,51,89,4,13,2,0,1,5,4,30,1,0,.146,.191,.202,.394
Mark Buehrle,P,TOR,4,7,0,1,0,0,0,0,1,3,0,0,.143,.250,.143,.393
Trevor Cahill,P,CHC,26,7,0,1,0,0,0,0,1,2,0,0,.143,.250,.143,.393
Emilio Bonifacio,X,CWS,47,78,5,13,2,0,0,4,2,27,1,4,.167,.198,.192,.390
Pete Kozma,SS,STL,76,99,15,15,0,0,0,2,10,21,3,1,.152,.236,.152,.388
Michael Wacha,P,STL,27,52,5,8,1,0,0,4,4,20,1,0,.154,.214,.173,.387
Chad Billingsley,P,PHI,7,13,2,1,0,0,1,1,0,5,0,0,.077,.077,.308,.385
Tomas Telis,X,MIA,23,38,2,6,0,0,0,2,1,4,0,0,.158,.220,.158,.377
Aaron Harang,P,PHI,28,48,4,8,1,0,0,0,1,18,0,0,.167,.184,.188,.371
Willie Bloomquist,X,SEA,35,69,2,11,1,0,0,4,2,13,1,1,.159,.194,.174,.368
Anthony DeSclafani,P,CIN,30,58,1,9,1,0,0,3,3,33,0,0,.155,.194,.172,.366
Jason Hammel,P,CHC,31,65,6,11,1,0,0,4,1,18,0,0,.169,.179,.185,.364
Wilmer Difo,X,WSH,15,11,1,2,0,0,0,0,0,2,0,0,.182,.182,.182,.364
Mike Leake,P,SF,34,69,4,8,3,0,2,8,0,36,0,0,.116,.116,.246,.362
Lance Lynn,P,STL,28,50,3,8,2,0,0,1,0,26,0,0,.160,.160,.200,.360
Cole Hamels,P,TEX,20,42,2,7,1,0,0,0,0,17,0,0,.167,.167,.190,.357
Matt McBride,X,COL,20,42,5,7,0,0,0,0,0,4,0,0,.167,.186,.167,.353
Carlos Martinez,P,STL,31,56,2,8,2,0,0,0,1,23,0,0,.143,.172,.179,.351
Johnny Cueto,P,CIN,17,37,1,6,0,0,0,0,1,10,0,0,.162,.184,.162,.346
Dan Haren,P,CHC,30,49,4,6,1,0,0,5,5,16,0,0,.122,.200,.143,.343
Patrick Corbin,P,ARI,15,25,1,3,0,0,0,3,3,11,0,0,.120,.214,.120,.334
Pedro Florimon,SS,PIT,24,23,5,2,0,1,0,1,2,12,1,0,.087,.160,.174,.334
Kevin Correia,P,PHI,4,6,0,1,0,0,0,0,0,1,0,0,.167,.167,.167,.333
Sonny Gray,P,OAK,2,6,0,1,0,0,0,0,0,4,0,0,.167,.167,.167,.333
Roberto Hernandez,P,HOU,1,2,1,0,0,0,0,0,1,2,0,0,.000,.333,.000,.333
Taijuan Walker,P,SEA,4,9,0,1,1,0,0,1,0,5,0,0,.111,.111,.222,.333
Jordan Zimmermann,P,WSH,31,63,4,10,1,0,0,3,0,18,0,0,.159,.159,.175,.333
Matt Wisler,P,ATL,20,29,0,4,0,0,0,1,2,6,0,0,.138,.194,.138,.332
Gerrit Cole,P,PIT,30,60,5,9,0,0,0,2,2,28,0,0,.150,.177,.150,.327
Reid Brignac,X,MIA,17,13,2,1,0,0,0,0,3,5,0,0,.077,.250,.077,.327
Clayton Kershaw,P,LAD,31,71,2,9,2,0,0,2,2,23,0,0,.127,.162,.155,.317
John Lackey,P,STL,31,62,0,7,2,0,0,3,4,24,0,0,.113,.167,.145,.312
A.J. Burnett,P,PIT,24,42,1,5,0,0,1,5,0,20,0,0,.119,.116,.190,.307
James Shields,P,SD,34,68,7,9,2,0,0,2,1,28,0,0,.132,.145,.162,.307
Stephen Strasburg,P,WSH,22,38,1,5,0,0,0,0,2,17,0,0,.132,.175,.132,.307
Bartolo Colon,P,NYM,31,58,2,8,1,0,0,4,0,24,0,0,.138,.150,.155,.305
Arismendy Alcantara,2B,CHC,11,26,5,2,0,0,0,1,5,11,1,0,.077,.226,.077,.303
James Jones,CF,SEA,28,29,1,3,1,0,0,0,2,13,1,1,.103,.161,.138,.299
Tom Koehler,P,MIA,30,50,2,6,1,0,0,1,2,28,0,0,.120,.154,.140,.294
Nevin Ashley,C,MIL,12,20,2,2,1,0,0,1,0,8,0,0,.100,.143,.150,.293
Sean O'Sullivan,P,PHI,12,20,2,2,1,0,0,0,1,10,0,0,.100,.143,.150,.293
Matt Harvey,P,NYM,28,65,1,7,2,0,1,7,0,31,0,0,.108,.108,.185,.292
Cody Ross,RF,OAK,9,22,3,2,0,0,0,3,3,6,0,0,.091,.200,.091,.291
Archie Bradley,P,ARI,8,14,0,2,0,0,0,0,0,7,0,1,.143,.143,.143,.286
Jerad Eickhoff,P,PHI,7,14,1,2,0,0,0,2,0,7,0,0,.143,.143,.143,.286
Yohan Flande,P,COL,18,21,1,3,0,0,0,1,0,10,0,0,.143,.143,.143,.286
Max Kepler,RF,MIN,3,7,0,1,0,0,0,0,0,3,0,0,.143,.143,.143,.286
Vidal Nuno,P,SEA,6,7,0,1,0,0,0,1,0,0,0,0,.143,.143,.143,.286
Francisco Pena,C,KC,8,7,0,1,0,0,0,0,0,3,0,0,.143,.143,.143,.286
Severino Gonzalez,P,PHI,7,10,2,1,0,0,0,1,1,4,0,0,.100,.182,.100,.282
Brett Anderson,P,LAD,29,47,1,4,1,0,0,3,5,32,0,0,.085,.173,.106,.280
Tyler Holt,CF,CIN,14,31,4,3,0,0,0,0,3,11,1,0,.097,.176,.097,.273
Gio Gonzalez,P,WSH,27,43,1,4,1,0,0,2,1,18,0,0,.093,.152,.116,.268
Zach Walters,X,CLE,12,30,0,4,0,0,0,3,0,15,0,0,.133,.133,.133,.267
Ian Kennedy,P,SD,27,42,3,4,3,0,0,0,0,23,0,0,.095,.095,.167,.262
David Phelps,P,MIA,23,34,0,4,0,0,0,0,0,16,0,0,.118,.143,.118,.260
Travis Wood,P,CHC,57,30,0,3,0,0,0,2,2,16,0,0,.100,.156,.100,.256
Joe Ross,P,WSH,17,27,2,3,0,0,0,0,0,11,0,0,.111,.143,.111,.254
Jimmy Nelson,P,MIL,27,55,1,6,1,0,0,2,1,34,0,0,.109,.125,.127,.252
Chad Bettis,P,COL,17,29,2,2,0,0,0,1,4,13,0,0,.069,.182,.069,.251
Jhoulys Chacin,P,ARI,5,8,0,1,0,0,0,0,0,4,0,0,.125,.125,.125,.250
Terrance Gore,X,KC,9,3,1,0,0,0,0,0,0,1,3,0,.000,.250,.000,.250
Collin McHugh,P,HOU,3,8,1,1,0,0,0,0,0,4,0,0,.125,.125,.125,.250
Andy Parrino,SS,OAK,17,6,1,0,0,0,0,0,2,5,0,0,.000,.250,.000,.250
Ian Thomas,P,LAD,14,3,1,0,0,0,0,0,1,1,0,0,.000,.250,.000,.250
Jaime Garcia,P,STL,19,41,1,4,0,0,0,1,2,15,0,0,.098,.140,.098,.237
Brad Hand,P,MIA,35,17,1,2,0,0,0,2,0,5,0,0,.118,.118,.118,.235
Chase Anderson,P,ARI,28,48,0,5,0,0,0,3,1,23,0,0,.104,.122,.104,.227
Robbie Ray,P,ARI,19,31,0,3,1,0,0,0,0,14,0,0,.097,.097,.129,.226
Julio Teheran,P,ATL,30,52,0,5,0,0,0,2,2,9,0,0,.096,.130,.096,.226
Juan Centeno,C,MIL,10,21,0,1,1,0,0,0,2,7,0,0,.048,.130,.095,.226
Zack Godley,P,ARI,8,9,0,1,0,0,0,0,0,6,0,0,.111,.111,.111,.222
Chris Sale,P,CWS,3,9,1,1,0,0,0,0,0,4,0,0,.111,.111,.111,.222
J.A. Happ,P,PIT,12,23,1,2,0,0,0,0,1,13,0,0,.087,.125,.087,.212
Aaron Nola,P,PHI,13,23,0,2,0,0,0,1,1,16,0,0,.087,.125,.087,.212
Shelby Miller,P,ATL,32,56,1,3,2,0,0,0,4,29,0,0,.054,.117,.089,.206
Williams Perez,P,ATL,21,28,2,2,0,0,0,0,2,13,0,0,.071,.133,.071,.205
Mike Fiers,P,MIL,18,30,0,3,0,0,0,0,0,12,0,0,.100,.100,.100,.200
Rocky Gale,C,SD,11,10,0,1,0,0,0,0,0,1,0,0,.100,.100,.100,.200
Dillon Gee,P,NYM,8,10,0,1,0,0,0,0,0,5,0,0,.100,.100,.100,.200
Raisel Iglesias,P,CIN,16,30,0,2,0,1,0,1,0,13,0,0,.067,.067,.133,.200
Odrisamer Despaigne,P,SD,31,30,0,2,1,0,0,0,1,11,0,0,.067,.097,.100,.197
Jeff Locke,P,PIT,29,45,1,3,1,0,0,2,2,18,0,0,.067,.106,.089,.195
Jhonatan Solano,C,MIA,7,20,1,1,1,0,0,2,1,1,0,0,.050,.095,.100,.195
Adam Morgan,P,PHI,13,26,2,2,1,0,0,1,0,12,0,0,.077,.077,.115,.192
Andrew Lambo,X,PIT,20,25,1,1,1,0,0,0,2,8,0,0,.040,.111,.080,.191
Jerome Williams,P,PHI,30,31,0,2,1,0,0,1,1,14,0,0,.065,.094,.097,.190
Rubby De La Rosa,P,ARI,31,64,3,6,0,0,0,2,0,25,0,0,.094,.094,.094,.188
John Lamb,P,CIN,10,16,0,1,1,0,0,1,0,8,0,0,.063,.063,.125,.188
John Hicks,C,SEA,17,32,1,2,1,0,0,1,1,18,1,1,.063,.091,.094,.185
Andrew Cashner,P,SD,37,60,2,5,0,0,0,1,1,24,0,0,.083,.098,.083,.182
Luis Jimenez,X,BOS,16,16,1,1,0,0,0,0,1,6,0,0,.063,.118,.063,.180
Carlos Frias,P,LAD,16,21,1,1,0,0,0,0,1,12,0,0,.048,.130,.048,.178
Matt Garza,P,MIL,25,39,0,3,0,0,0,0,1,21,0,1,.077,.100,.077,.177
Mike Foltynewicz,P,ATL,17,28,0,2,1,0,0,3,0,19,0,0,.071,.069,.107,.176
David Hale,P,COL,15,23,1,2,0,0,0,0,0,9,0,0,.087,.087,.087,.174
Jon Lester,P,CHC,30,62,6,4,0,0,0,0,3,30,0,0,.065,.108,.065,.172
Ryan LaMarre,CF,CIN,21,25,2,2,0,0,0,0,0,9,0,0,.080,.080,.080,.160
Wily Peralta,P,MIL,19,30,1,1,0,0,0,1,3,15,0,0,.033,.121,.033,.154
Zach Davies,P,MIL,6,13,1,1,0,0,0,0,0,3,0,0,.077,.077,.077,.154
Jon Gray,P,COL,9,11,1,0,0,0,0,0,2,6,0,0,.000,.154,.000,.154
Eric Stults,P,ATL,9,13,0,1,0,0,0,0,0,7,0,0,.077,.077,.077,.154
Jose Urena,P,MIA,18,13,0,1,0,0,0,0,0,9,0,0,.077,.077,.077,.154
Brandon McCarthy,P,LAD,4,6,0,0,0,0,0,1,1,5,0,0,.000,.143,.000,.143
Yadiel Rivera,2B,MIL,7,14,0,1,0,0,0,0,0,4,0,0,.071,.071,.071,.143
Kyle Hendricks,P,CHC,30,60,2,3,1,0,0,1,1,24,0,0,.050,.066,.067,.132
Jorge De La Rosa,P,COL,25,48,0,3,0,0,0,3,0,18,0,0,.063,.063,.063,.125
Masahiro Tanaka,P,NYY,4,7,0,0,0,0,0,0,1,2,0,0,.000,.125,.000,.125
Jarred Cosart,P,MIA,14,17,0,1,0,0,0,1,0,8,0,0,.059,.059,.059,.118
Tsuyoshi Wada,P,CHC,7,8,1,0,0,0,0,0,1,5,0,0,.000,.111,.000,.111
Ryan Jackson,2B,LAA,22,9,0,0,0,0,0,0,1,5,0,0,.000,.100,.000,.100
Brandon Morrow,P,SD,5,9,0,0,0,0,0,0,1,8,0,0,.000,.100,.000,.100
Jason Pridie,X,OAK,6,9,0,0,0,0,0,0,1,4,0,0,.000,.100,.000,.100
Steve Lombardozzi,X,PIT,12,10,1,0,0,0,0,0,1,4,0,0,.000,.091,.000,.091
Eddie Butler,P,COL,16,23,0,1,0,0,0,0,0,13,0,0,.043,.043,.043,.087
Charlie Morton,P,PIT,21,36,0,1,0,0,0,1,1,18,0,0,.028,.054,.028,.082
Justin Nicolino,P,MIA,13,25,0,1,0,0,0,0,0,8,0,0,.040,.040,.040,.080
Mike Bolsinger,P,LAD,21,38,1,1,1,0,0,0,0,23,0,0,.026,.026,.053,.079
David Aardsma,P,ATL,30,1,0,0,0,0,0,0,0,1,0,0,.000,.000,.000,.000
Fernando Abad,P,OAK,4,0,0,0,0,0,0,0,0,0,0,0,.000,.000,.000,.000
A.J. Achter,P,MIN,1,0,0,0,0,0,0,0,0,0,0,0,.000,.000,.000,.000
Austin Adams,P,CLE,3,1,0,0,0,0,0,0,0,0,0,0,.000,.000,.000,.000
Nate Adcock,P,CIN,12,0,0,0,0,0,0,0,0,0,0,0,.000,.000,.000,.000
Jeremy Affeldt,P,SF,47,2,0,0,0,0,0,0,0,2,0,0,.000,.000,.000,.000
Al Alburquerque,P,DET,6,0,0,0,0,0,0,0,0,0,0,0,.000,.000,.000,.000
Cody Allen,P,CLE,4,0,0,0,0,0,0,0,0,0,0,0,.000,.000,.000,.000
Miguel Almonte,P,KC,1,0,0,0,0,0,0,0,0,0,0,0,.000,.000,.000,.000
Dario Alvarez,P,NYM,6,0,0,0,0,0,0,0,0,0,0,0,.000,.000,.000,.000
Jose Alvarez,P,LAA,3,0,0,0,0,0,0,0,0,0,0,0,.000,.000,.000,.000
Cody Anderson,P,CLE,2,3,0,0,0,0,0,0,0,3,0,0,.000,.000,.000,.000
Matt Andriese,P,TB,2,1,0,0,0,0,0,0,0,0,0,0,.000,.000,.000,.000
Dean Anna,X,STL,1,1,0,0,0,0,0,0,0,0,0,0,.000,.000,.000,.000
Elvis Araujo,P,PHI,36,1,0,0,0,0,0,0,0,1,0,0,.000,.000,.000,.000
Chris Archer,P,TB,2,5,0,0,0,0,0,0,0,3,0,0,.000,.000,.000,.000
Luis Avilan,P,LAD,66,1,0,0,0,0,0,0,0,0,0,0,.000,.000,.000,.000
Dylan Axelrod,P,CIN,6,2,0,0,0,0,0,0,0,1,0,0,.000,.000,.000,.000
John Axford,P,COL,57,0,0,0,0,0,0,0,0,0,0,0,.000,.000,.000,.000
Burke Badenhop,P,CIN,63,1,0,0,0,0,0,0,0,0,0,0,.000,.000,.000,.000
Pedro Baez,P,LAD,48,0,0,0,0,0,0,0,0,0,0,0,.000,.000,.000,.000
Andrew Bailey,P,NYY,1,0,0,0,0,0,0,0,0,0,0,0,.000,.000,.000,.000
Homer Bailey,P,CIN,2,4,0,0,0,0,0,0,0,1,0,0,.000,.000,.000,.000
Scott Baker,P,LAD,2,3,0,0,0,0,0,0,0,1,0,0,.000,.000,.000,.000
Collin Balester,P,CIN,15,1,0,0,0,0,0,0,0,0,0,0,.000,.000,.000,.000
Grant Balfour,P,TB,1,0,0,0,0,0,0,0,0,0,0,0,.000,.000,.000,.000
Manny Banuelos,P,ATL,7,3,0,0,0,0,0,0,0,1,0,0,.000,.000,.000,.000
Steven Baron,C,SEA,4,11,0,0,0,0,0,0,0,2,0,0,.000,.000,.000,.000
Kyle Barraclough,P,MIA,24,0,0,0,0,0,0,0,0,0,0,0,.000,.000,.000,.000
Aaron Barrett,P,WSH,37,0,0,0,0,0,0,0,0,0,0,0,.000,.000,.000,.000
Yhonathan Barrios,P,MIL,5,0,0,0,0,0,0,0,0,0,0,0,.000,.000,.000,.000
Anthony Bass,P,TEX,2,0,0,0,0,0,0,0,0,0,0,0,.000,.000,.000,.000
Chris Bassitt,P,OAK,1,2,0,0,0,0,0,0,0,1,0,0,.000,.000,.000,.000
Antonio Bastardo,P,PIT,61,2,0,0,0,0,0,0,0,2,0,0,.000,.000,.000,.000
Brandon Beachy,P,LAD,2,2,0,0,0,0,0,0,0,1,0,0,.000,.000,.000,.000
Cam Bedrosian,P,LAA,1,0,0,0,0,0,0,0,0,0,0,0,.000,.000,.000,.000
Joe Beimel,P,SEA,3,0,0,0,0,0,0,0,0,0,0,0,.000,.000,.000,.000
Ronald Belisario,P,TB,1,1,0,0,0,0,0,0,0,0,0,0,.000,.000,.000,.000
Matt Belisle,P,STL,32,0,0,0,0,0,0,0,0,0,0,0,.000,.000,.000,.000
Jeff Beliveau,P,TB,2,0,0,0,0,0,0,0,0,0,0,0,.000,.000,.000,.000
Joaquin Benoit,P,SD,62,0,0,0,0,0,0,0,0,0,0,0,.000,.000,.000,.000
Quintin Berry,X,CHC,8,1,1,0,0,0,0,0,0,1,2,1,.000,.000,.000,.000
Dellin Betances,P,NYY,4,0,0,0,0,0,0,0,0,0,0,0,.000,.000,.000,.000
Rafael Betancourt,P,COL,44,0,0,0,0,0,0,0,0,0,0,0,.000,.000,.000,.000
Jeff Bianchi,3B,BOS,3,2,0,0,0,0,0,0,0,0,0,0,.000,.000,.000,.000
Joe Blanton,P,PIT,22,4,0,0,0,0,0,0,0,1,0,0,.000,.000,.000,.000
Jerry Blevins,P,NYM,7,0,0,0,0,0,0,0,0,0,0,0,.000,.000,.000,.000
Brett Bochy,P,SF,4,0,0,0,0,0,0,0,0,0,0,0,.000,.000,.000,.000
Brad Boxberger,P,TB,7,0,0,0,0,0,0,0,0,0,0,0,.000,.000,.000,.000
Matthew Boyd,P,DET,1,0,0,0,0,0,0,0,0,0,0,0,.000,.000,.000,.000
Blaine Boyer,P,MIN,7,0,0,0,0,0,0,0,0,0,0,0,.000,.000,.000,.000
Brad Brach,P,BAL,5,0,0,0,0,0,0,0,0,0,0,0,.000,.000,.000,.000
Silvino Bracho,P,ARI,13,0,0,0,0,0,0,0,0,0,0,0,.000,.000,.000,.000
Craig Breslow,P,BOS,4,0,0,0,0,0,0,0,0,0,0,0,.000,.000,.000,.000
Jake Brigham,P,ATL,12,1,0,0,0,0,0,0,0,1,0,0,.000,.000,.000,.000
Zack Britton,P,BAL,2,0,0,0,0,0,0,0,0,0,0,0,.000,.000,.000,.000
Mike Broadway,P,SF,21,0,0,0,0,0,0,0,0,0,0,0,.000,.000,.000,.000
Aaron Brooks,P,OAK,1,2,0,0,0,0,0,0,0,0,0,0,.000,.000,.000,.000
Rex Brothers,P,COL,16,0,0,0,0,0,0,0,0,0,0,0,.000,.000,.000,.000
Brooks Brown,P,COL,35,0,0,0,0,0,0,0,0,0,0,0,.000,.000,.000,.000
Jonathan Broxton,P,STL,62,0,0,0,0,0,0,0,0,0,0,0,.000,.000,.000,.000
Keon Broxton,X,PIT,7,2,3,0,0,0,0,0,0,1,1,1,.000,.000,.000,.000
Clay Buchholz,P,BOS,2,6,0,0,0,0,0,0,0,2,0,0,.000,.000,.000,.000
Danny Burawa,P,ATL,12,0,0,0,0,0,0,0,0,0,0,0,.000,.000,.000,.000
Enrique Burgos,P,ARI,30,0,0,0,0,0,0,0,0,0,0,0,.000,.000,.000,.000
Matt Cain,P,SF,12,16,0,0,0,0,0,1,0,9,0,0,.000,.000,.000,.000
Orlando Calixte,SS,KC,2,3,1,0,0,0,0,0,0,0,0,0,.000,.000,.000,.000
Arquimedes Caminero,P,PIT,67,0,0,0,0,0,0,0,0,0,0,0,.000,.000,.000,.000
Leonel Campos,P,SD,1,0,0,0,0,0,0,0,0,0,0,0,.000,.000,.000,.000
Chris Capuano,P,NYY,2,1,0,0,0,0,0,0,0,0,0,0,.000,.000,.000,.000
Buddy Carlyle,P,NYM,11,0,0,0,0,0,0,0,0,0,0,0,.000,.000,.000,.000
David Carpenter,P,WSH,9,0,0,0,0,0,0,0,0,0,0,0,.000,.000,.000,.000
David Carpenter,P,ATL,4,0,0,0,0,0,0,0,0,0,0,0,.000,.000,.000,.000
Scott Carroll,P,CWS,1,0,0,0,0,0,0,0,0,0,0,0,.000,.000,.000,.000
Santiago Casilla,P,SF,64,0,0,0,0,0,0,0,0,0,0,0,.000,.000,.000,.000
Angel Castro,P,OAK,1,0,0,0,0,0,0,0,0,0,0,0,.000,.000,.000,.000
Miguel Castro,P,COL,4,0,0,0,0,0,0,0,0,0,0,0,.000,.000,.000,.000
Simon Castro,P,COL,11,0,0,0,0,0,0,0,0,0,0,0,.000,.000,.000,.000
Garin Cecchini,X,BOS,2,4,0,0,0,0,0,0,0,3,0,0,.000,.000,.000,.000
Brett Cecil,P,TOR,4,0,0,0,0,0,0,0,0,0,0,0,.000,.000,.000,.000
Xavier Cedeno,P,TB,9,0,0,0,0,0,0,0,0,0,0,0,.000,.000,.000,.000
Andrew Chafin,P,ARI,61,3,0,0,0,0,0,0,0,1,0,0,.000,.000,.000,.000
Joba Chamberlain,P,DET,3,0,0,0,0,0,0,0,0,0,0,0,.000,.000,.000,.000
Aroldis Chapman,P,CIN,62,1,1,0,0,0,0,0,0,0,0,0,.000,.000,.000,.000
Michael Choice,RF,TEX,1,1,0,0,0,0,0,0,0,1,0,0,.000,.000,.000,.000
Tony Cingrani,P,CIN,33,2,1,0,0,0,0,1,0,1,0,0,.000,.000,.000,.000
Steve Cishek,P,STL,58,0,0,0,0,0,0,0,0,0,0,0,.000,.000,.000,.000
Tyler Clippard,P,NYM,30,1,0,0,0,0,0,0,0,0,0,0,.000,.000,.000,.000
Phil Coke,P,CHC,16,0,0,0,0,0,0,0,0,0,0,0,.000,.000,.000,.000
A.J. Cole,P,WSH,3,2,0,0,0,0,0,0,0,0,0,0,.000,.000,.000,.000
Dusty Coleman,3B,KC,4,5,0,0,0,0,0,0,0,3,0,0,.000,.000,.000,.000
Alex Colome,P,TB,1,0,0,0,0,0,0,0,0,0,0,0,.000,.000,.000,.000
Carlos Contreras,P,CIN,22,0,0,0,0,0,0,0,0,0,0,0,.000,.000,.000,.000
Ryan Cook,P,BOS,2,0,0,0,0,0,0,0,0,0,0,0,.000,.000,.000,.000
Scott Copeland,P,TOR,1,1,0,0,0,0,0,0,0,1,0,0,.000,.000,.000,.000
Erik Cordier,P,MIA,8,0,0,0,0,0,0,0,0,0,0,0,.000,.000,.000,.000
John Cornely,P,ATL,1,0,0,0,0,0,0,0,0,0,0,0,.000,.000,.000,.000
Caleb Cotham,P,NYY,1,0,0,0,0,0,0,0,0,0,0,0,.000,.000,.000,.000
Neal Cotts,P,MIN,50,0,0,0,0,0,0,0,0,0,0,0,.000,.000,.000,.000
Danny Coulombe,P,LAD,5,1,0,0,0,0,0,0,0,1,0,0,.000,.000,.000,.000
Tyler Cravy,P,MIL,14,8,0,0,0,0,0,0,0,3,0,0,.000,.000,.000,.000
Kyle Crockett,P,CLE,3,0,0,0,0,0,0,0,0,0,0,0,.000,.000,.000,.000
Brandon Cunniff,P,ATL,38,0,0,0,0,0,0,0,0,0,0,0,.000,.000,.000,.000
Jordan Danks,X,PHI,4,4,0,0,0,0,0,0,0,2,0,0,.000,.000,.000,.000
Kyle Davies,P,NYY,1,0,0,0,0,0,0,0,0,0,0,0,.000,.000,.000,.000
Wade Davis,P,KC,6,0,0,0,0,0,0,0,0,0,0,0,.000,.000,.000,.000
Abel De Los Santos,P,WSH,2,0,0,0,0,0,0,0,0,0,0,0,.000,.000,.000,.000
Cody Decker,X,SD,8,11,0,0,0,0,0,1,0,5,0,0,.000,.000,.000,.000
Steve Delabar,P,TOR,1,0,0,0,0,0,0,0,0,0,0,0,.000,.000,.000,.000
Randall Delgado,P,ARI,61,1,0,0,0,0,0,0,0,1,0,0,.000,.000,.000,.000
Ross Detwiler,P,ATL,24,1,0,0,0,0,0,0,0,1,0,0,.000,.000,.000,.000
Elias Diaz,X,PIT,2,2,0,0,0,0,0,0,0,1,0,0,.000,.000,.000,.000
Jairo Diaz,P,COL,19,0,0,0,0,0,0,0,0,0,0,0,.000,.000,.000,.000
Jumbo Diaz,P,CIN,58,0,0,0,0,0,0,0,0,0,0,0,.000,.000,.000,.000
R.A. Dickey,P,TOR,2,3,0,0,0,0,0,0,0,1,0,0,.000,.000,.000,.000
Jake Diekman,P,TEX,40,0,0,0,0,0,0,0,0,0,0,0,.000,.000,.000,.000
Jose Dominguez,P,TB,1,0,0,0,0,0,0,0,0,0,0,0,.000,.000,.000,.000
Sean Doolittle,P,OAK,1,0,0,0,0,0,0,0,0,0,0,0,.000,.000,.000,.000
Oliver Drake,P,BAL,1,0,0,0,0,0,0,0,0,0,0,0,.000,.000,.000,.000
Brian Duensing,P,MIN,4,1,0,0,0,0,0,0,0,0,0,0,.000,.000,.000,.000
Zach Duke,P,CWS,6,0,0,0,0,0,0,0,0,0,0,0,.000,.000,.000,.000
Sam Dyson,P,TEX,43,0,0,0,0,0,0,0,0,0,0,0,.000,.000,.000,.000
Ed Easley,C,STL,4,6,0,0,0,0,0,1,0,1,0,0,.000,.000,.000,.000
Carl Edwards,P,CHC,5,1,0,0,0,0,0,0,0,1,0,0,.000,.000,.000,.000
Jon Edwards,P,SD,12,0,0,0,0,0,0,0,0,0,0,0,.000,.000,.000,.000
Brian Ellington,P,MIA,22,0,0,0,0,0,0,0,0,0,0,0,.000,.000,.000,.000
Nathan Eovaldi,P,NYY,3,5,1,0,0,0,0,0,0,2,0,0,.000,.000,.000,.000
Robbie Erlin,P,SD,3,5,0,0,0,0,0,0,0,1,0,0,.000,.000,.000,.000
Dana Eveland,P,ATL,9,0,0,0,0,0,0,0,0,0,0,0,.000,.000,.000,.000
Jeurys Familia,P,NYM,74,0,0,0,0,0,0,0,0,0,0,0,.000,.000,.000,.000
Danny Farquhar,P,SEA,1,0,0,0,0,0,0,0,0,0,0,0,.000,.000,.000,.000
Andrew Faulkner,P,TEX,1,0,0,0,0,0,0,0,0,0,0,0,.000,.000,.000,.000
Michael Feliz,P,HOU,1,0,0,0,0,0,0,0,0,0,0,0,.000,.000,.000,.000
Neftali Feliz,P,DET,2,0,0,0,0,0,0,0,0,0,0,0,.000,.000,.000,.000
Josh Fields,P,HOU,4,0,0,0,0,0,0,0,0,0,0,0,.000,.000,.000,.000
Casey Fien,P,MIN,3,0,0,0,0,0,0,0,0,0,0,0,.000,.000,.000,.000
Brandon Finnegan,P,CIN,6,4,0,0,0,0,0,0,0,2,0,0,.000,.000,.000,.000
Kendry Flores,P,MIA,6,1,0,0,0,0,0,0,0,1,0,0,.000,.000,.000,.000
Jason Frasor,P,ATL,7,0,0,0,0,0,0,0,0,0,0,0,.000,.000,.000,.000
Sam Freeman,P,TEX,4,0,0,0,0,0,0,0,0,0,0,0,.000,.000,.000,.000
Christian Friedrich,P,COL,63,3,0,0,0,0,0,0,0,0,0,0,.000,.000,.000,.000
Ernesto Frieri,P,TB,2,0,0,0,0,0,0,0,0,0,0,0,.000,.000,.000,.000
Charlie Furbush,P,SEA,3,0,0,0,0,0,0,0,0,0,0,0,.000,.000,.000,.000
Frank Garces,P,SD,37,0,0,0,0,0,0,0,0,0,0,0,.000,.000,.000,.000
Luis Garcia,P,PHI,69,0,0,0,0,0,0,0,0,0,0,0,.000,.000,.000,.000
Yimi Garcia,P,LAD,55,0,0,0,0,0,0,0,0,0,0,0,.000,.000,.000,.000
Kevin Gausman,P,BAL,1,0,0,0,0,0,0,0,0,0,0,0,.000,.000,.000,.000
Cory Gearrin,P,SF,6,0,0,0,0,0,0,0,0,0,0,0,.000,.000,.000,.000
Steve Geltz,P,TB,5,0,0,0,0,0,0,0,0,0,0,0,.000,.000,.000,.000
Gonzalez Germen,P,COL,35,1,0,0,0,0,0,0,0,1,0,0,.000,.000,.000,.000
Ken Giles,P,PHI,65,0,0,0,0,0,0,0,0,0,0,0,.000,.000,.000,.000
Mychal Givens,P,BAL,1,0,0,0,0,0,0,0,0,0,0,0,.000,.000,.000,.000
Erik Goeddel,P,NYM,33,1,0,0,0,0,0,0,0,0,0,0,.000,.000,.000,.000
David Goforth,P,MIL,20,3,0,0,0,0,0,0,0,3,0,0,.000,.000,.000,.000
Brandon Gomes,P,TB,4,0,0,0,0,0,0,0,0,0,0,0,.000,.000,.000,.000
Jeanmar Gomez,P,PHI,61,1,0,0,0,0,0,0,0,1,0,0,.000,.000,.000,.000
Marco Gonzales,P,STL,1,0,0,0,0,0,0,0,0,0,0,0,.000,.000,.000,.000
Miguel Gonzalez,P,BAL,1,1,0,0,0,0,0,0,0,0,0,0,.000,.000,.000,.000
Nick Goody,P,NYY,1,0,0,0,0,0,0,0,0,0,0,0,.000,.000,.000,.000
Tom Gorzelanny,P,DET,5,0,0,0,0,0,0,0,0,0,0,0,.000,.000,.000,.000
Trevor Gott,P,LAA,6,0,0,0,0,0,0,0,0,0,0,0,.000,.000,.000,.000
Matt Grace,P,WSH,26,0,0,0,0,0,0,0,0,0,0,0,.000,.000,.000,.000
J.R. Graham,P,MIN,4,0,0,0,0,0,0,0,0,0,0,0,.000,.000,.000,.000
Kendall Graveman,P,OAK,1,0,0,0,0,0,0,0,0,0,0,0,.000,.000,.000,.000
Shane Greene,P,DET,2,5,0,0,0,0,0,0,0,5,0,0,.000,.000,.000,.000
Nick Greenwood,P,STL,1,0,0,0,0,0,0,0,0,0,0,0,.000,.000,.000,.000
Luke Gregerson,P,HOU,3,0,0,0,0,0,0,0,0,0,0,0,.000,.000,.000,.000
Kevin Gregg,P,CIN,11,0,0,0,0,0,0,0,0,0,0,0,.000,.000,.000,.000
Jason Grilli,P,ATL,33,0,0,0,0,0,0,0,0,0,0,0,.000,.000,.000,.000
Justin Grimm,P,CHC,57,1,0,0,0,0,0,0,0,1,0,0,.000,.000,.000,.000
Mayckol Guaipe,P,SEA,2,0,0,0,0,0,0,0,0,0,0,0,.000,.000,.000,.000
Deolis Guerra,P,PIT,8,1,0,0,0,0,0,0,0,0,0,0,.000,.000,.000,.000
Junior Guerra,P,CWS,1,0,0,0,0,0,0,0,0,0,0,0,.000,.000,.000,.000
Preston Guilmet,P,MIL,2,0,0,0,0,0,0,0,0,0,0,0,.000,.000,.000,.000
Jason Gurka,P,COL,10,0,0,0,0,0,0,0,0,0,0,0,.000,.000,.000,.000
Nick Hagadone,P,CLE,1,0,0,0,0,0,0,0,0,0,0,0,.000,.000,.000,.000
Jesse Hahn,P,OAK,1,3,0,0,0,0,0,0,0,2,0,0,.000,.000,.000,.000
Cody Hall,P,SF,6,0,0,0,0,0,0,0,0,0,0,0,.000,.000,.000,.000
Donovan Hand,P,CIN,1,1,0,0,0,0,0,0,0,0,0,0,.000,.000,.000,.000
Blaine Hardy,P,DET,4,1,0,0,0,0,0,0,0,0,0,0,.000,.000,.000,.000
Mitch Harris,P,STL,26,1,0,0,0,0,0,0,0,1,0,0,.000,.000,.000,.000
Will Harris,P,HOU,4,1,0,0,0,0,0,0,0,1,0,0,.000,.000,.000,.000
Matt Harrison,P,TEX,1,2,0,0,0,0,0,0,0,1,0,0,.000,.000,.000,.000
Chris Hatcher,P,LAD,45,1,0,0,0,0,0,0,0,0,0,0,.000,.000,.000,.000
Marcus Hatley,P,STL,2,0,0,0,0,0,0,0,0,0,0,0,.000,.000,.000,.000
LaTroy Hawkins,P,TOR,23,1,0,0,0,0,0,0,0,1,0,0,.000,.000,.000,.000
Andrew Heaney,P,LAA,2,5,0,0,0,0,0,0,0,3,0,0,.000,.000,.000,.000
Heath Hembree,P,BOS,2,0,0,0,0,0,0,0,0,0,0,0,.000,.000,.000,.000
David Hernandez,P,ARI,37,0,0,0,0,0,0,0,0,0,0,0,.000,.000,.000,.000
Felix Hernandez,P,SEA,1,3,0,0,0,0,0,0,0,1,0,0,.000,.000,.000,.000
Gorkys Hernandez,LF,PIT,8,5,0,0,0,0,0,0,0,0,1,0,.000,.000,.000,.000
Kelvin Herrera,P,KC,8,0,0,0,0,0,0,0,0,0,0,0,.000,.000,.000,.000
Taylor Hill,P,WSH,4,0,0,0,0,0,0,0,0,0,0,0,.000,.000,.000,.000
Dalier Hinojosa,P,PHI,17,0,0,0,0,0,0,0,0,0,0,0,.000,.000,.000,.000
Luke Hochevar,P,KC,6,0,0,0,0,0,0,0,0,0,0,0,.000,.000,.000,.000
Greg Holland,P,KC,3,0,0,0,0,0,0,0,0,0,0,0,.000,.000,.000,.000
J.J. Hoover,P,CIN,61,0,0,0,0,0,0,0,0,0,0,0,.000,.000,.000,.000
Adrian Houser,P,MIL,2,0,0,0,0,0,0,0,0,0,0,0,.000,.000,.000,.000
J.P. Howell,P,LAD,62,0,0,0,0,0,0,0,0,0,0,0,.000,.000,.000,.000
Daniel Hudson,P,ARI,61,1,0,0,0,0,0,0,0,1,0,0,.000,.000,.000,.000
David Huff,P,LAD,3,1,0,0,0,0,0,0,0,0,0,0,.000,.000,.000,.000
Phil Hughes,P,MIN,1,3,0,0,0,0,0,0,0,0,0,0,.000,.000,.000,.000
Jared Hughes,P,PIT,71,0,0,0,0,0,0,0,0,0,0,0,.000,.000,.000,.000
Tommy Hunter,P,CHC,20,0,0,0,0,0,0,0,0,0,0,0,.000,.000,.000,.000
Drew Hutchison,P,TOR,1,0,0,0,0,0,0,0,0,0,0,0,.000,.000,.000,.000
Hisashi Iwakuma,P,SEA,2,2,0,0,0,0,0,0,0,2,0,0,.000,.000,.000,.000
Edwin Jackson,P,ATL,45,1,0,0,0,0,0,0,0,0,0,0,.000,.000,.000,.000
Jay Jackson,P,SD,6,0,0,0,0,0,0,0,0,0,0,0,.000,.000,.000,.000
Juan Jaime,P,ATL,2,0,0,0,0,0,0,0,0,0,0,0,.000,.000,.000,.000
Kenley Jansen,P,LAD,51,0,0,0,0,0,0,0,0,0,0,0,.000,.000,.000,.000
Casey Janssen,P,WSH,45,0,0,0,0,0,0,0,0,0,0,0,.000,.000,.000,.000
Jeremy Jeffress,P,MIL,68,0,0,0,0,0,0,0,0,0,0,0,.000,.000,.000,.000
Kevin Jepsen,P,TB,6,0,0,0,0,0,0,0,0,0,0,0,.000,.000,.000,.000
Cesar Jimenez,P,MIL,18,0,0,0,0,0,0,0,0,0,0,0,.000,.000,.000,.000
Jim Johnson,P,LAD,64,0,0,0,0,0,0,0,0,0,0,0,.000,.000,.000,.000
Tommy Kahnle,P,COL,34,0,0,0,0,0,0,0,0,0,0,0,.000,.000,.000,.000
Keone Kela,P,TEX,6,0,0,0,0,0,0,0,0,0,0,0,.000,.000,.000,.000
Shawn Kelley,P,SD,50,0,0,0,0,0,0,0,0,0,0,0,.000,.000,.000,.000
Casey Kelly,P,SD,3,2,0,0,0,0,0,0,0,0,0,0,.000,.000,.000,.000
Don Kelly,1B,MIA,2,1,0,0,0,0,0,0,0,0,0,0,.000,.000,.000,.000
Ryan Kelly,P,ATL,16,0,0,0,0,0,0,0,0,0,0,0,.000,.000,.000,.000
Craig Kimbrel,P,SD,54,1,0,0,0,0,0,0,0,1,0,0,.000,.000,.000,.000
Brandon Kintzler,P,MIL,7,1,0,0,0,0,0,0,0,0,0,0,.000,.000,.000,.000
Corey Kluber,P,CLE,2,6,0,0,0,0,0,0,0,3,0,0,.000,.000,.000,.000
Corey Knebel,P,MIL,44,0,0,0,0,0,0,0,0,0,0,0,.000,.000,.000,.000
Guido Knudson,P,DET,1,0,0,0,0,0,0,0,0,0,0,0,.000,.000,.000,.000
Michael Kohn,P,ATL,6,0,0,0,0,0,0,0,0,0,0,0,.000,.000,.000,.000
George Kontos,P,SF,70,2,0,0,0,0,0,0,0,2,0,0,.000,.000,.000,.000
Ian Krol,P,DET,2,0,0,0,0,0,0,0,0,0,0,0,.000,.000,.000,.000
Bobby LaFromboise,P,PIT,11,0,0,0,0,0,0,0,0,0,0,0,.000,.000,.000,.000
Gerald Laird,C,ARI,1,2,0,0,0,0,0,0,0,0,0,0,.000,.000,.000,.000
Tommy Layne,P,BOS,8,0,0,0,0,0,0,0,0,0,0,0,.000,.000,.000,.000
Raudel Lazo,P,MIA,7,0,0,0,0,0,0,0,0,0,0,0,.000,.000,.000,.000
Sam LeCure,P,CIN,19,1,0,0,0,0,0,0,0,0,0,0,.000,.000,.000,.000
Jack Leathersich,P,NYM,16,0,0,0,0,0,0,0,0,0,0,0,.000,.000,.000,.000
Zach Lee,P,LAD,1,2,0,0,0,0,0,0,0,0,0,0,.000,.000,.000,.000
Dominic Leone,P,ARI,4,0,0,0,0,0,0,0,0,0,0,0,.000,.000,.000,.000
Colby Lewis,P,TEX,1,2,0,0,0,0,0,0,0,2,0,0,.000,.000,.000,.000
Adam Liberatore,P,LAD,38,2,0,0,0,0,0,0,0,2,0,0,.000,.000,.000,.000
Radhames Liz,P,PIT,14,1,0,0,0,0,0,0,0,0,0,0,.000,.000,.000,.000
Boone Logan,P,COL,57,0,0,0,0,0,0,0,0,0,0,0,.000,.000,.000,.000
Javier Lopez,P,SF,71,0,0,0,0,0,0,0,0,0,0,0,.000,.000,.000,.000
Jorge Lopez,P,MIL,2,2,0,0,0,0,0,0,0,2,0,0,.000,.000,.000,.000
Aaron Loup,P,TOR,2,0,0,0,0,0,0,0,0,0,0,0,.000,.000,.000,.000
Mark Lowe,P,TOR,4,0,0,0,0,0,0,0,0,0,0,0,.000,.000,.000,.000
Jordan Lyles,P,COL,10,19,0,0,0,0,0,0,0,11,0,0,.000,.000,.000,.000
Jean Machi,P,BOS,36,3,0,0,0,0,0,0,0,2,0,0,.000,.000,.000,.000
Ryan Madson,P,KC,7,0,0,0,0,0,0,0,0,0,0,0,.000,.000,.000,.000
Seth Maness,P,STL,74,3,0,0,0,0,0,0,0,2,0,0,.000,.000,.000,.000
Jeff Manship,P,CLE,4,0,0,0,0,0,0,0,0,0,0,0,.000,.000,.000,.000
Matt Marksberry,P,ATL,30,0,0,0,0,0,0,0,0,0,0,0,.000,.000,.000,.000
Evan Marshall,P,ARI,13,0,0,0,0,0,0,0,0,0,0,0,.000,.000,.000,.000
Chris Martin,P,NYY,2,0,0,0,0,0,0,0,0,0,0,0,.000,.000,.000,.000
Cody Martin,P,ATL,19,0,0,0,0,0,0,0,0,0,0,0,.000,.000,.000,.000
Rafael Martin,P,WSH,12,0,0,0,0,0,0,0,0,0,0,0,.000,.000,.000,.000
Nick Martinez,P,TEX,2,4,2,0,0,0,0,0,0,1,0,0,.000,.000,.000,.000
Nick Masset,P,ATL,27,0,0,0,0,0,0,0,0,0,0,0,.000,.000,.000,.000
Marcos Mateo,P,SD,25,0,0,0,0,0,0,0,0,0,0,0,.000,.000,.000,.000
Ryan Mattheus,P,CIN,54,0,0,0,0,0,0,0,0,0,0,0,.000,.000,.000,.000
Brian Matusz,P,BAL,5,0,0,0,0,0,0,0,0,0,0,0,.000,.000,.000,.000
Brandon Maurer,P,SD,47,0,0,0,0,0,0,0,0,0,0,0,.000,.000,.000,.000
Trevor May,P,MIN,3,3,0,0,0,0,0,0,0,3,0,0,.000,.000,.000,.000
Vin Mazzaro,P,MIA,8,0,0,0,0,0,0,0,0,0,0,0,.000,.000,.000,.000
Cory Mazzoni,P,SD,7,0,0,0,0,0,0,0,0,0,0,0,.000,.000,.000,.000
Zach McAllister,P,CLE,7,0,0,0,0,0,0,0,0,0,0,0,.000,.000,.000,.000
Lance McCullers,P,HOU,1,2,0,0,0,0,0,0,0,1,0,0,.000,.000,.000,.000
T.J. McFarland,P,BAL,1,0,0,0,0,0,0,0,0,0,0,0,.000,.000,.000,.000
Jake McGee,P,TB,4,0,0,0,0,0,0,0,0,0,0,0,.000,.000,.000,.000
Scott McGough,P,MIA,6,0,0,0,0,0,0,0,0,0,0,0,.000,.000,.000,.000
Dustin McGowan,P,PHI,13,3,0,0,0,0,0,0,0,3,0,0,.000,.000,.000,.000
Andrew McKirahan,P,ATL,24,1,0,0,0,0,0,0,0,1,0,0,.000,.000,.000,.000
Yoervis Medina,P,CHC,5,0,0,0,0,0,0,0,0,0,0,0,.000,.000,.000,.000
Kris Medlen,P,KC,2,0,1,0,0,0,0,0,0,0,0,0,.000,.000,.000,.000
Jenrry Mejia,P,NYM,7,0,0,0,0,0,0,0,0,0,0,0,.000,.000,.000,.000
Mark Melancon,P,PIT,72,0,0,0,0,0,0,0,0,0,0,0,.000,.000,.000,.000
Roman Mendez,P,BOS,2,0,0,0,0,0,0,0,0,0,0,0,.000,.000,.000,.000
Alex Meyer,P,MIN,2,0,0,0,0,0,0,0,0,0,0,0,.000,.000,.000,.000
Wade Miley,P,BOS,1,2,0,0,0,0,0,0,0,0,0,0,.000,.000,.000,.000
Andrew Miller,P,NYY,4,0,0,0,0,0,0,0,0,0,0,0,.000,.000,.000,.000
Justin Miller,P,COL,31,2,0,0,0,0,0,0,0,2,0,0,.000,.000,.000,.000
Tommy Milone,P,MIN,1,2,0,0,0,0,0,0,0,1,0,0,.000,.000,.000,.000
Bryan Mitchell,P,NYY,3,1,0,0,0,0,0,0,0,1,0,0,.000,.000,.000,.000
Rafael Montero,P,NYM,5,2,0,0,0,0,0,0,0,1,0,0,.000,.000,.000,.000
Mike Montgomery,P,SEA,1,3,0,0,0,0,0,0,0,2,0,0,.000,.000,.000,.000
Matt Moore,P,TB,1,1,0,0,0,0,0,0,0,0,0,0,.000,.000,.000,.000
Franklin Morales,P,KC,5,0,0,0,0,0,0,0,0,0,0,0,.000,.000,.000,.000
Mike Morin,P,LAA,2,0,0,0,0,0,0,0,0,0,0,0,.000,.000,.000,.000
Bryan Morris,P,MIA,64,0,0,0,0,0,0,0,0,0,0,0,.000,.000,.000,.000
Jason Motte,P,CHC,55,0,0,0,0,0,0,0,0,0,0,0,.000,.000,.000,.000
Peter Moylan,P,ATL,22,0,0,0,0,0,0,0,0,0,0,0,.000,.000,.000,.000
Edward Mujica,P,OAK,4,0,0,0,0,0,0,0,0,0,0,0,.000,.000,.000,.000
Colton Murray,P,PHI,7,0,0,0,0,0,0,0,0,0,0,0,.000,.000,.000,.000
Chris Narveson,P,MIA,14,6,1,0,0,0,0,1,0,4,0,0,.000,.000,.000,.000
Hector Neris,P,PHI,30,1,0,0,0,0,0,0,0,1,0,0,.000,.000,.000,.000
Angel Nesbitt,P,DET,2,0,0,0,0,0,0,0,0,0,0,0,.000,.000,.000,.000
Pat Neshek,P,HOU,5,0,0,0,0,0,0,0,0,0,0,0,.000,.000,.000,.000
Juan Nicasio,P,LAD,52,1,0,0,0,0,0,0,0,0,0,0,.000,.000,.000,.000
Hector Noesi,P,CWS,2,0,0,0,0,0,0,0,0,0,0,0,.000,.000,.000,.000
Ricky Nolasco,P,MIN,1,3,0,0,0,0,0,0,0,3,0,0,.000,.000,.000,.000
Bud Norris,P,SD,22,4,0,0,0,0,0,0,0,1,0,0,.000,.000,.000,.000
Darren O'Day,P,BAL,5,0,0,0,0,0,0,0,0,0,0,0,.000,.000,.000,.000
Eric O'Flaherty,P,NYM,18,0,0,0,0,0,0,0,0,0,0,0,.000,.000,.000,.000
Scott Oberg,P,COL,61,0,0,0,0,0,0,0,0,0,0,0,.000,.000,.000,.000
Jake Odorizzi,P,TB,2,4,0,0,0,0,0,0,0,2,0,0,.000,.000,.000,.000
Alexi Ogando,P,BOS,4,0,0,0,0,0,0,0,0,0,0,0,.000,.000,.000,.000
Nefi Ogando,P,PHI,4,0,0,0,0,0,0,0,0,0,0,0,.000,.000,.000,.000
Ross Ohlendorf,P,TEX,1,0,0,0,0,0,0,0,0,0,0,0,.000,.000,.000,.000
Tyler Olson,P,SEA,2,0,0,0,0,0,0,0,0,0,0,0,.000,.000,.000,.000
Josh Osich,P,SF,34,1,0,0,0,0,0,0,0,1,0,0,.000,.000,.000,.000
Roberto Osuna,P,TOR,4,0,0,0,0,0,0,0,0,0,0,0,.000,.000,.000,.000
Dan Otero,P,OAK,2,0,0,0,0,0,0,0,0,0,0,0,.000,.000,.000,.000
Adam Ottavino,P,COL,10,0,0,0,0,0,0,0,0,0,0,0,.000,.000,.000,.000
Henry Owens,P,BOS,1,2,0,0,0,0,0,0,0,2,0,0,.000,.000,.000,.000
Jonathan Papelbon,P,WSH,58,0,0,0,0,0,0,0,0,0,0,0,.000,.000,.000,.000
Bobby Parnell,P,NYM,28,0,0,0,0,0,0,0,0,0,0,0,.000,.000,.000,.000
Manny Parra,P,CIN,40,0,0,0,0,0,0,0,0,0,0,0,.000,.000,.000,.000
Spencer Patton,P,TEX,2,0,0,0,0,0,0,0,0,0,0,0,.000,.000,.000,.000
James Paxton,P,SEA,1,2,0,0,0,0,0,0,0,2,0,0,.000,.000,.000,.000
James Pazos,P,NYY,2,0,0,0,0,0,0,0,0,0,0,0,.000,.000,.000,.000
Ariel Pena,P,MIL,6,7,0,0,0,0,0,0,0,6,0,0,.000,.000,.000,.000
Joel Peralta,P,LAD,33,1,0,0,0,0,0,0,0,1,0,0,.000,.000,.000,.000
Martin Perez,P,TEX,1,2,0,0,0,0,0,0,0,2,0,0,.000,.000,.000,.000
Oliver Perez,P,HOU,46,0,0,0,0,0,0,0,0,0,0,0,.000,.000,.000,.000
Glen Perkins,P,MIN,4,0,0,0,0,0,0,0,0,0,0,0,.000,.000,.000,.000
Vinnie Pestano,P,LAA,1,0,0,0,0,0,0,0,0,0,0,0,.000,.000,.000,.000
Yusmeiro Petit,P,SF,40,9,1,0,0,0,0,0,0,3,0,0,.000,.000,.000,.000
Jake Petricka,P,CWS,5,0,0,0,0,0,0,0,0,0,0,0,.000,.000,.000,.000
Stolmy Pimentel,P,TEX,1,0,0,0,0,0,0,0,0,0,0,0,.000,.000,.000,.000
Michael Pineda,P,NYY,1,2,0,0,0,0,0,0,0,1,0,0,.000,.000,.000,.000
Drew Pomeranz,P,OAK,6,0,0,0,0,0,0,0,0,0,0,0,.000,.000,.000,.000
Rick Porcello,P,BOS,1,2,0,0,0,0,0,0,0,2,0,0,.000,.000,.000,.000
Ryan Pressly,P,MIN,6,0,0,0,0,0,0,0,0,0,0,0,.000,.000,.000,.000
David Price,P,TOR,3,9,0,0,0,0,0,0,0,3,0,0,.000,.000,.000,.000
Zach Putnam,P,CWS,3,0,0,0,0,0,0,0,0,0,0,0,.000,.000,.000,.000
Kevin Quackenbush,P,SD,56,0,0,0,0,0,0,0,0,0,0,0,.000,.000,.000,.000
Chad Qualls,P,HOU,4,0,0,0,0,0,0,0,0,0,0,0,.000,.000,.000,.000
Jose Quintana,P,CWS,4,8,0,0,0,0,0,0,0,5,0,0,.000,.000,.000,.000
Erasmo Ramirez,P,TB,2,2,0,0,0,0,0,0,0,2,0,0,.000,.000,.000,.000
Jose Ramirez,P,NYY,2,0,0,0,0,0,0,0,0,0,0,0,.000,.000,.000,.000
JC Ramirez,P,ARI,12,0,0,0,0,0,0,0,0,0,0,0,.000,.000,.000,.000
Neil Ramirez,P,CHC,19,0,0,0,0,0,0,0,0,0,0,0,.000,.000,.000,.000
AJ Ramos,P,MIA,69,0,0,0,0,0,0,0,0,0,0,0,.000,.000,.000,.000
Cesar Ramos,P,LAA,6,0,0,0,0,0,0,0,0,0,0,0,.000,.000,.000,.000
Anthony Ranaudo,P,TEX,1,2,0,0,0,0,0,0,0,2,0,0,.000,.000,.000,.000
Cory Rasmus,P,LAA,2,1,0,0,0,0,0,0,0,0,0,0,.000,.000,.000,.000
Rob Rasmussen,P,SEA,5,0,0,0,0,0,0,0,0,0,0,0,.000,.000,.000,.000
Josh Ravin,P,LAD,8,0,0,0,0,0,0,0,0,0,0,0,.000,.000,.000,.000
Chris Rearick,P,SD,5,0,0,0,0,0,0,0,0,0,0,0,.000,.000,.000,.000
Addison Reed,P,NYM,52,2,0,0,0,0,0,0,0,0,0,0,.000,.000,.000,.000
Chris Reed,P,MIA,2,0,0,0,0,0,0,0,0,0,0,0,.000,.000,.000,.000
Matt Reynolds,P,ARI,18,0,0,0,0,0,0,0,0,0,0,0,.000,.000,.000,.000
Andre Rienzo,P,MIA,13,2,0,0,0,0,0,0,0,0,0,0,.000,.000,.000,.000
Ken Roberts,P,PHI,14,0,0,0,0,0,0,0,0,0,0,0,.000,.000,.000,.000
David Robertson,P,CWS,5,0,0,0,0,0,0,0,0,0,0,0,.000,.000,.000,.000
Hansel Robles,P,NYM,55,0,0,0,0,0,0,0,0,0,0,0,.000,.000,.000,.000
Fernando Rodney,P,CHC,21,0,0,0,0,0,0,0,0,0,0,0,.000,.000,.000,.000
Carlos Rodon,P,CWS,2,1,0,0,0,0,0,0,0,1,0,0,.000,.000,.000,.000
Eduardo Rodriguez,P,BOS,1,2,0,0,0,0,0,0,0,2,0,0,.000,.000,.000,.000
Francisco Rodriguez,P,MIL,58,0,0,0,0,0,0,0,0,0,0,0,.000,.000,.000,.000
Paco Rodriguez,P,LAD,18,0,0,0,0,0,0,0,0,0,0,0,.000,.000,.000,.000
Fernando Rodriguez Jr.,P,OAK,6,0,0,0,0,0,0,0,0,0,0,0,.000,.000,.000,.000
Chaz Roe,P,BAL,3,0,0,0,0,0,0,0,0,0,0,0,.000,.000,.000,.000
Esmil Rogers,P,NYY,1,0,0,0,0,0,0,0,0,0,0,0,.000,.000,.000,.000
Austin Romine,1B,NYY,1,2,0,0,0,0,0,0,0,0,0,0,.000,.000,.000,.000
Sergio Romo,P,SF,67,2,0,0,0,0,0,0,0,1,0,0,.000,.000,.000,.000
Bruce Rondon,P,DET,1,0,0,0,0,0,0,0,0,0,0,0,.000,.000,.000,.000
Hector Rondon,P,CHC,69,0,0,0,0,0,0,0,0,0,0,0,.000,.000,.000,.000
Jorge Rondon,P,COL,2,0,0,0,0,0,0,0,0,0,0,0,.000,.000,.000,.000
Trevor Rosenthal,P,STL,64,1,0,0,0,0,0,0,0,1,0,0,.000,.000,.000,.000
Seth Rosin,P,PHI,1,0,0,0,0,0,0,0,0,0,0,0,.000,.000,.000,.000
Robbie Ross,P,BOS,5,0,0,0,0,0,0,0,0,0,0,0,.000,.000,.000,.000
Zac Rosscup,P,CHC,32,0,0,0,0,0,0,0,0,0,0,0,.000,.000,.000,.000
Drew Rucinski,P,LAA,1,0,0,0,0,0,0,0,0,0,0,0,.000,.000,.000,.000
Nick Rumbelow,P,NYY,1,0,0,0,0,0,0,0,0,0,0,0,.000,.000,.000,.000
James Russell,P,CHC,46,1,0,0,0,0,0,0,0,1,0,0,.000,.000,.000,.000
Marc Rzepczynski,P,SD,31,0,0,0,0,0,0,0,0,0,0,0,.000,.000,.000,.000
CC Sabathia,P,NYY,1,3,0,0,0,0,0,0,0,2,0,0,.000,.000,.000,.000
Casey Sadler,P,PIT,1,1,0,0,0,0,0,0,0,0,0,0,.000,.000,.000,.000
Fernando Salas,P,LAA,5,0,0,0,0,0,0,0,0,0,0,0,.000,.000,.000,.000
Danny Salazar,P,CLE,2,4,0,0,0,0,0,0,0,4,0,0,.000,.000,.000,.000
Keyvius Sampson,P,CIN,13,16,1,0,0,0,0,0,0,11,0,0,.000,.000,.000,.000
Aaron Sanchez,P,TOR,2,0,0,0,0,0,0,0,0,0,0,0,.000,.000,.000,.000
Anibal Sanchez,P,DET,2,4,0,0,0,0,0,0,0,4,0,0,.000,.000,.000,.000
Gary Sanchez,X,NYY,2,2,0,0,0,0,0,0,0,1,0,0,.000,.000,.000,.000
Sergio Santos,P,NYY,13,0,0,0,0,0,0,0,0,0,0,0,.000,.000,.000,.000
Rob Scahill,P,PIT,28,0,0,0,0,0,0,0,0,0,0,0,.000,.000,.000,.000
Tanner Scheppers,P,TEX,5,0,0,0,0,0,0,0,0,0,0,0,.000,.000,.000,.000
Brian Schlitter,P,CHC,10,0,0,0,0,0,0,0,0,0,0,0,.000,.000,.000,.000
A.J. Schugel,P,ARI,5,0,0,0,0,0,0,0,0,0,0,0,.000,.000,.000,.000
Bo Schultz,P,TOR,3,0,0,0,0,0,0,0,0,0,0,0,.000,.000,.000,.000
Evan Scribner,P,OAK,2,0,0,0,0,0,0,0,0,0,0,0,.000,.000,.000,.000
Luis Severino,P,NYY,1,2,0,0,0,0,0,0,0,0,0,0,.000,.000,.000,.000
Bryan Shaw,P,CLE,3,0,0,0,0,0,0,0,0,0,0,0,.000,.000,.000,.000
Chasen Shreve,P,NYY,3,0,0,0,0,0,0,0,0,0,0,0,.000,.000,.000,.000
Kevin Siegrist,P,STL,75,0,0,0,0,0,0,0,0,0,0,0,.000,.000,.000,.000
Alfredo Simon,P,DET,2,5,0,0,0,0,0,0,0,2,0,0,.000,.000,.000,.000
Tony Sipp,P,HOU,3,0,0,0,0,0,0,0,0,0,0,0,.000,.000,.000,.000
Carson Smith,P,SEA,5,0,0,0,0,0,0,0,0,0,0,0,.000,.000,.000,.000
Joe Smith,P,LAA,4,0,0,0,0,0,0,0,0,0,0,0,.000,.000,.000,.000
Will Smith,P,MIL,72,0,0,0,0,0,0,0,0,0,0,0,.000,.000,.000,.000
Miguel Socolovich,P,STL,26,1,0,0,0,0,0,0,0,0,0,0,.000,.000,.000,.000
Joakim Soria,P,PIT,33,0,0,0,0,0,0,0,0,0,0,0,.000,.000,.000,.000
Rafael Soriano,P,CHC,6,0,0,0,0,0,0,0,0,0,0,0,.000,.000,.000,.000
Craig Stammen,P,WSH,4,0,0,0,0,0,0,0,0,0,0,0,.000,.000,.000,.000
Tim Stauffer,P,NYM,5,0,0,0,0,0,0,0,0,0,0,0,.000,.000,.000,.000
Matt Stites,P,ARI,11,0,0,0,0,0,0,0,0,0,0,0,.000,.000,.000,.000
Drew Storen,P,WSH,53,0,0,0,0,0,0,0,0,0,0,0,.000,.000,.000,.000
Huston Street,P,LAA,4,0,0,0,0,0,0,0,0,0,0,0,.000,.000,.000,.000
Hunter Strickland,P,SF,52,1,0,0,0,0,0,0,0,1,0,0,.000,.000,.000,.000
Pedro Strop,P,CHC,73,0,0,0,0,0,0,0,0,0,0,0,.000,.000,.000,.000
Eric Surkamp,P,LAD,1,0,0,0,0,0,0,0,0,0,0,0,.000,.000,.000,.000
Junichi Tazawa,P,BOS,4,0,0,0,0,0,0,0,0,0,0,0,.000,.000,.000,.000
Ryan Tepera,P,TOR,2,0,0,0,0,0,0,0,0,0,0,0,.000,.000,.000,.000
Joe Thatcher,P,HOU,3,0,0,0,0,0,0,0,0,0,0,0,.000,.000,.000,.000
Dale Thayer,P,SD,36,0,0,0,0,0,0,0,0,0,0,0,.000,.000,.000,.000
Aaron Thompson,P,MIN,6,0,0,0,0,0,0,0,0,0,0,0,.000,.000,.000,.000
Tyler Thornburg,P,MIL,23,3,0,0,0,0,0,0,0,1,0,0,.000,.000,.000,.000
Matt Thornton,P,WSH,56,0,0,0,0,0,0,0,0,0,0,0,.000,.000,.000,.000
Chris Tillman,P,BAL,1,2,0,0,0,0,0,0,0,2,0,0,.000,.000,.000,.000
Shawn Tolleson,P,TEX,4,0,0,0,0,0,0,0,0,0,0,0,.000,.000,.000,.000
Michael Tonkin,P,MIN,2,0,0,0,0,0,0,0,0,0,0,0,.000,.000,.000,.000
Alex Torres,P,NYM,37,1,0,0,0,0,0,0,0,0,0,0,.000,.000,.000,.000
Blake Treinen,P,WSH,57,2,0,0,0,0,0,0,0,1,0,0,.000,.000,.000,.000
Sam Tuivailala,P,STL,12,0,0,0,0,0,0,0,0,0,0,0,.000,.000,.000,.000
Koji Uehara,P,BOS,1,0,0,0,0,0,0,0,0,0,0,0,.000,.000,.000,.000
Jordany Valdespin,RF,MIA,2,4,0,0,0,0,0,0,0,1,0,0,.000,.000,.000,.000
Felipe Vazquez,P,WSH,46,0,0,0,0,0,0,0,0,0,0,0,.000,.000,.000,.000
Donnie Veal,P,ATL,5,0,0,0,0,0,0,0,0,0,0,0,.000,.000,.000,.000
Vince Velasquez,P,HOU,1,0,0,0,0,0,0,0,0,0,0,0,.000,.000,.000,.000
Pat Venditte,P,OAK,2,1,0,0,0,0,0,0,0,1,0,0,.000,.000,.000,.000
Yordano Ventura,P,KC,3,6,0,0,0,0,0,0,0,5,0,0,.000,.000,.000,.000
Drew VerHagen,P,DET,1,0,0,0,0,0,0,0,0,0,0,0,.000,.000,.000,.000
Logan Verrett,P,NYM,13,7,0,0,0,0,0,0,0,2,0,0,.000,.000,.000,.000
Carlos Villanueva,P,STL,32,8,0,0,0,0,0,0,0,5,0,0,.000,.000,.000,.000
Nick Vincent,P,SD,25,0,0,0,0,0,0,0,0,0,0,0,.000,.000,.000,.000
Arodys Vizcaino,P,ATL,34,0,0,0,0,0,0,0,0,0,0,0,.000,.000,.000,.000
Edinson Volquez,P,KC,3,6,0,0,0,0,0,0,0,4,0,0,.000,.000,.000,.000
Chris Volstad,P,PIT,1,0,0,0,0,0,0,0,0,0,0,0,.000,.000,.000,.000
Tyler Wagner,P,MIL,3,3,0,0,0,0,0,0,0,2,0,0,.000,.000,.000,.000
Adam Wainwright,P,STL,7,10,0,0,0,0,0,0,0,2,0,0,.000,.000,.000,.000
Jordan Walden,P,STL,12,0,0,0,0,0,0,0,0,0,0,0,.000,.000,.000,.000
Kyle Waldrop,X,CIN,1,1,0,0,0,0,0,0,0,1,0,0,.000,.000,.000,.000
Adam Warren,P,NYY,2,3,0,0,0,0,0,0,0,1,0,0,.000,.000,.000,.000
Tony Watson,P,PIT,72,0,0,0,0,0,0,0,0,0,0,0,.000,.000,.000,.000
Jered Weaver,P,LAA,1,2,0,0,0,0,0,0,0,1,0,0,.000,.000,.000,.000
Daniel Webb,P,CWS,3,0,0,0,0,0,0,0,0,0,0,0,.000,.000,.000,.000
Ryan Webb,P,CLE,4,0,0,0,0,0,0,0,0,0,0,0,.000,.000,.000,.000
Ryan Weber,P,ATL,5,10,0,0,0,0,0,0,0,8,0,0,.000,.000,.000,.000
Allen Webster,P,ARI,9,11,1,0,0,0,0,0,0,6,0,0,.000,.000,.000,.000
Matt West,P,LAD,2,0,0,0,0,0,0,0,0,0,0,0,.000,.000,.000,.000
Joe Wieland,P,LAD,1,1,0,0,0,0,0,0,0,1,0,0,.000,.000,.000,.000
Tom Wilhelmsen,P,SEA,5,0,0,0,0,0,0,0,0,0,0,0,.000,.000,.000,.000
Justin Wilson,P,NYY,6,0,0,0,0,0,0,0,0,0,0,0,.000,.000,.000,.000
Tyler Wilson,P,BAL,2,2,0,0,0,0,0,0,0,0,0,0,.000,.000,.000,.000
Alex Wilson,P,DET,3,0,0,0,0,0,0,0,0,0,0,0,.000,.000,.000,.000
Dan Winkler,P,ATL,2,0,0,0,0,0,0,0,0,0,0,0,.000,.000,.000,.000
Rob Wooten,P,MIL,4,1,0,0,0,0,0,0,0,0,0,0,.000,.000,.000,.000
Steven Wright,P,BOS,1,1,0,0,0,0,0,0,0,0,0,0,.000,.000,.000,.000
Kirby Yates,P,TB,2,0,0,0,0,0,0,0,0,0,0,0,.000,.000,.000,.000
Brad Ziegler,P,ARI,63,0,0,0,0,0,0,0,0,0,0,0,.000,.000,.000,.000
